Timestamp,11,12,13,14,21,22,23,24,25,26,27,28,29,210,211,212,213,214,215,31,32,33,34,35,36,37,38,39,310,311,312,41,42,43,44,45,46
2025/06/26 11:53:00 AM GMT+6,20-30,Male,Student,Single,4,4,3,2,1,3,1,3,1,0 time,Yes,Yes,Yes,Yes,0 Hours,1,5,5,5,5,5,Yes,Yes,Yes,Yes,Yes,Yes,No,Yes,Facebook;YouTube;LinkedIn,5-7 Hours,2,2
2025/06/26 11:56:30 AM GMT+6,20-30,Male,Student,Single,3,1,2,1,2,1,4,1,2,5-7 times,Yes,Yes,No,No,0-1 Hours,1,1,2,1,3,1,No,Yes,Yes,No,No,No,No,No,Facebook,5-7 Hours,1,1
2025/06/26 11:56:45 AM GMT+6,20-30,Male,Student,Single,2,2,1,2,2,2,1,5,2,1-4 times,Yes,Yes,Yes,Yes,0-1 Hours,1,1,1,2,1,2,No,Yes,Yes,No,No,No,No,Yes,Facebook;YouTube;Snapchat,5-7 Hours,1,1
2025/06/26 11:57:01 AM GMT+6,20-30,Male,Student,Single,4,2,1,3,3,4,4,1,2,8-10 times,Yes,Yes,Yes,Yes,7-9 Hours,3,4,4,5,5,5,Yes,No,No,Yes,No,No,Yes,Yes,Facebook;YouTube;LinkedIn,5-7 Hours,4,3
2025/06/26 11:59:28 AM GMT+6,20-30,Male,Student,Single,3,4,2,3,5,5,4,3,5,5-7 times,Yes,Yes,Yes,No,1-3 Hours,3,3,3,4,4,3,Yes,No,No,Yes,No,No,No,Yes,Facebook;YouTube,7-9 Hours,2,1
2025/06/26 12:02:13 PM GMT+6,20-30,Female,Student,Single,5,5,5,3,4,4,5,5,1,More than 10 times,Yes,Yes,Yes,No,4-6 Hours,3,2,3,4,1,1,No,Yes,Yes,No,No,No,Yes,Yes,Facebook;YouTube,5-7 Hours,1,3
2025/06/26 12:02:21 PM GMT+6,20-30,Female,Student,Single,3,3,3,3,4,4,4,3,2,More than 10 times,Yes,Yes,Yes,Yes,4-6 Hours,5,4,4,4,3,4,Yes,Yes,No,Yes,No,Yes,Yes,Yes,Facebook,5-7 Hours,4,4
2025/06/26 12:03:08 PM GMT+6,13-19,Male,Retired,Single,1,2,3,4,5,5,4,3,2,0 time,No,No,Yes,No,More than  Hours,5,4,3,2,1,2,No,Yes,No,Yes,No,Yes,No,Yes,Snapchat,1-3 Hours,1,5
2025/06/26 12:07:21 PM GMT+6,20-30,Female,Student,In Relationship,2,2,1,1,1,3,4,1,1,More than 10 times,Yes,Yes,Yes,No,1-3 Hours,2,3,3,3,5,5,Yes,No,No,No,No,Yes,No,Yes,Facebook;YouTube,5-7 Hours,1,5
2025/06/26 12:08:45 PM GMT+6,40-60,Male,Employed,Married,5,3,2,1,3,3,4,1,1,1-4 times,Yes,Yes,Yes,No,0-1 Hours,1,1,1,2,2,1,No,Yes,Yes,No,No,No,No,,Facebook;YouTube,5-7 Hours,2,3
2025/06/26 12:16:25 PM GMT+6,20-30,Male,Employed,Married,5,2,4,2,4,5,5,5,3,More than 10 times,Yes,Yes,Yes,Yes,1-3 Hours,3,5,3,4,4,4,Yes,Yes,No,Yes,Yes,No,Yes,No,Facebook;YouTube;Whatsapp,5-7 Hours,1,4
2025/06/26 12:16:54 PM GMT+6,40-60,Male,Employed,Married,1,1,1,1,1,1,1,3,1,1-4 times,No,Yes,No,No,0-1 Hours,1,2,1,1,1,1,No,Yes,Yes,Yes,No,No,No,No,Facebook,5-7 Hours,1,1
2025/06/26 12:18:24 PM GMT+6,20-30,Male,Student,In Relationship,3,1,1,2,2,2,2,1,1,5-7 times,Yes,Yes,Yes,No,1-3 Hours,2,1,2,1,1,1,Yes,Yes,Yes,Yes,No,No,Yes,No,Instagram,5-7 Hours,1,2
2025/06/26 12:19:11 PM GMT+6,20-30,Male,Student,Single,4,1,1,1,4,4,2,1,1,1-4 times,Yes,Yes,No,No,1-3 Hours,2,2,2,4,2,1,No,Yes,Yes,No,No,No,Yes,Yes,Facebook;YouTube,5-7 Hours,1,2
2025/06/26 12:19:46 PM GMT+6,20-30,Male,Student,Single,3,2,1,1,2,2,2,2,1,1-4 times,Yes,Yes,Yes,No,1-3 Hours,2,1,1,1,2,1,No,Yes,Yes,No,No,No,No,Yes,YouTube,5-7 Hours,1,2
2025/06/26 12:20:26 PM GMT+6,30-40,Male,Employed,Married,5,3,1,1,2,2,1,1,1,5-7 times,Yes,Yes,Yes,No,1-3 Hours,1,2,1,1,2,2,No,Yes,Yes,No,No,No,No,,Facebook;Instagram;YouTube;LinkedIn,7-9 Hours,2,3
2025/06/26 12:20:59 PM GMT+6,30-40,Male,Employed,Married,5,1,4,3,5,5,5,3,1,More than 10 times,Yes,Yes,Yes,Yes,4-6 Hours,2,4,3,4,4,3,No,Yes,No,No,No,No,Yes,Yes,Facebook,7-9 Hours,2,4
2025/06/26 12:23:02 PM GMT+6,20-30,Male,Student,Single,5,3,3,4,4,5,2,1,2,8-10 times,Yes,Yes,Yes,No,4-6 Hours,3,1,3,5,4,4,Yes,No,No,No,No,No,Yes,Yes,Facebook,7-9 Hours,1,3
2025/06/26 12:23:50 PM GMT+6,30-40,Male,Self-employed,Married,3,1,1,1,1,1,4,1,1,More than 10 times,Yes,No,Yes,No,1-3 Hours,2,1,1,1,2,1,No,Yes,Yes,No,No,No,Yes,No,YouTube,5-7 Hours,1,2
2025/06/26 12:26:14 PM GMT+6,30-40,Male,Unemployed,Single,4,3,3,3,4,3,4,2,3,More than 10 times,Yes,Yes,Yes,Yes,4-6 Hours,3,3,2,3,4,2,Yes,Yes,Yes,Yes,No,No,No,No,Facebook;YouTube,7-9 Hours,2,3
2025/06/26 12:27:06 PM GMT+6,20-30,Male,Student,Single,4,2,2,1,2,3,3,1,1,5-7 times,Yes,Yes,Yes,No,4-6 Hours,1,3,1,4,2,1,No,Yes,No,No,No,No,Yes,Yes,Instagram;YouTube,5-7 Hours,2,3
2025/06/26 12:28:09 PM GMT+6,20-30,Female,Student,Single,3,2,2,1,2,3,2,1,1,5-7 times,Yes,Yes,Yes,No,1-3 Hours,3,2,3,4,2,2,Yes,Yes,Yes,Yes,No,No,Yes,Yes,Facebook;YouTube,5-7 Hours,2,2
2025/06/26 12:28:19 PM GMT+6,20-30,Male,Student,Single,2,2,1,1,2,3,2,1,1,5-7 times,Yes,Yes,Yes,No,1-3 Hours,2,1,1,2,2,1,No,Yes,Yes,No,No,No,No,Yes,Facebook,5-7 Hours,1,2
2025/06/26 12:30:22 PM GMT+6,20-30,Male,Employed,Single,2,2,1,2,1,2,2,2,1,8-10 times,No,Yes,No,No,0-1 Hours,2,1,2,2,2,1,No,Yes,Yes,No,No,No,Yes,No,Facebook;YouTube;LinkedIn,5-7 Hours,1,2
2025/06/26 12:30:49 PM GMT+6,20-30,Male,Student,Single,5,5,5,1,5,5,5,1,5,More than 10 times,Yes,Yes,Yes,No,More than  Hours,1,3,5,5,5,1,Yes,No,No,Yes,Yes,No,Yes,Yes,Facebook,5-7 Hours,1,5
2025/06/26 12:31:17 PM GMT+6,30-40,Female,Housewife,Married,3,2,1,1,3,3,2,1,1,1-4 times,Yes,No,Yes,No,4-6 Hours,3,3,3,3,4,3,No,No,No,Yes,No,No,Yes,,Facebook;YouTube,5-7 Hours,1,3
2025/06/26 12:31:53 PM GMT+6,20-30,Female,Student,In Relationship,2,1,2,3,1,2,2,1,1,1-4 times,No,Yes,Yes,No,0-1 Hours,2,1,3,1,1,1,No,Yes,Yes,No,No,No,No,Yes,Facebook;YouTube,7-9 Hours,2,3
2025/06/26 12:31:55 PM GMT+6,20-30,Male,Student,Single,2,2,2,2,3,2,3,1,2,8-10 times,Yes,Yes,Yes,No,0-1 Hours,2,2,2,2,2,1,No,Yes,Yes,No,No,No,No,Yes,Facebook,5-7 Hours,1,2
2025/06/26 12:32:23 PM GMT+6,20-30,Male,Student,In Relationship,3,2,2,2,2,1,2,4,1,1-4 times,Yes,No,Yes,No,1-3 Hours,2,2,2,2,2,2,No,Yes,Yes,No,No,No,No,Yes,Facebook;YouTube,5-7 Hours,1,3
2025/06/26 12:32:28 PM GMT+6,20-30,Male,Student,In Relationship,4,3,1,3,3,5,4,1,1,More than 10 times,Yes,Yes,Yes,No,7-9 Hours,5,3,3,4,1,4,No,Yes,Yes,Yes,No,No,No,Yes,YouTube,7-9 Hours,1,4
2025/06/26 12:34:17 PM GMT+6,20-30,Male,Student,Single,3,2,2,1,3,3,3,1,1,8-10 times,No,Yes,Yes,No,1-3 Hours,2,3,2,2,4,1,No,Yes,No,No,No,No,No,Yes,Facebook;YouTube;LinkedIn,5-7 Hours,1,2
2025/06/26 12:35:11 PM GMT+6,30-40,Male,Employed,Married,3,2,1,1,5,2,3,1,4,More than 10 times,Yes,Yes,Yes,Yes,1-3 Hours,4,1,1,2,3,2,Yes,No,No,Yes,No,No,Yes,No,Facebook;YouTube,5-7 Hours,1,2
2025/06/26 12:37:03 PM GMT+6,20-30,Male,Employed,Married,5,5,5,2,3,5,5,4,3,More than 10 times,Yes,Yes,Yes,Yes,More than  Hours,1,1,1,1,5,2,No,Yes,Yes,No,No,No,Yes,No,Facebook;YouTube;,7-9 Hours,1,1
2025/06/26 12:37:34 PM GMT+6,20-30,Male,Employed,Single,5,5,3,2,4,5,5,5,5,More than 10 times,Yes,Yes,Yes,Yes,4-6 Hours,3,3,3,3,3,3,Yes,Yes,No,Yes,No,No,Yes,,Facebook;YouTube,5-7 Hours,2,2
2025/06/26 12:37:40 PM GMT+6,30-40,Female,Employed,Married,3,1,5,5,3,3,3,1,5,More than 10 times,Yes,Yes,Yes,Yes,1-3 Hours,1,1,1,3,1,2,No,No,Yes,No,Yes,No,No,No,Facebook,1-3 Hours,1,1
2025/06/26 12:38:08 PM GMT+6,20-30,Male,Student,Single,5,4,2,2,5,5,4,1,1,More than 10 times,Yes,Yes,Yes,Yes,1-3 Hours,3,2,3,4,5,4,Yes,No,Yes,Yes,No,No,No,Yes,Facebook;Instagram;YouTube;LinkedIn,3-5 Hours,3,5
2025/06/26 12:38:15 PM GMT+6,20-30,Male,Student,Single,5,5,3,1,2,5,5,5,1,1-4 times,Yes,Yes,Yes,No,1-3 Hours,5,3,2,5,5,5,Yes,Yes,No,Yes,Yes,No,No,Yes,YouTube,3-5 Hours,5,5
2025/06/26 12:38:58 PM GMT+6,20-30,Male,Student,Single,5,3,4,2,5,5,4,5,3,More than 10 times,Yes,Yes,Yes,No,4-6 Hours,4,4,4,5,3,2,Yes,Yes,No,Yes,Yes,No,No,Yes,Facebook;Instagram;YouTube,5-7 Hours,3,3
2025/06/26 12:39:54 PM GMT+6,20-30,Male,Student,In Relationship,5,5,5,5,1,3,3,1,1,More than 10 times,Yes,Yes,Yes,Yes,4-6 Hours,2,2,3,3,3,3,No,No,No,Yes,No,No,No,Yes,Instagram,5-7 Hours,2,2
2025/06/26 12:40:42 PM GMT+6,20-30,Male,Business ,Married,3,1,1,2,2,3,2,1,2,More than 10 times,Yes,No,No,No,1-3 Hours,2,2,2,2,2,1,No,Yes,Yes,No,No,No,No,Yes,Facebook;YouTube,7-9 Hours,1,2
2025/06/26 12:41:49 PM GMT+6,20-30,Male,Student,Single,5,5,1,5,5,5,5,5,1,5-7 times,Yes,Yes,Yes,Yes,More than  Hours,3,3,1,2,5,3,No,No,Yes,No,No,No,No,Yes,Facebook;YouTube,5-7 Hours,3,2
2025/06/26 12:42:51 PM GMT+6,20-30,Male,Student,In Relationship,5,2,5,3,5,5,5,5,3,More than 10 times,Yes,Yes,Yes,No,7-9 Hours,5,5,5,5,5,5,Yes,No,No,Yes,Yes,No,Yes,Yes,Facebook;Instagram;YouTube,5-7 Hours,2,3
2025/06/26 12:44:20 PM GMT+6,20-30,Male,Student,Single,3,2,1,1,2,3,5,5,2,More than 10 times,Yes,Yes,Yes,Yes,1-3 Hours,2,2,3,4,1,3,Yes,Yes,Yes,Yes,Yes,Yes,No,Yes,Facebook;YouTube;LinkedIn,3-5 Hours,3,2
2025/06/26 12:44:39 PM GMT+6,20-30,Male,Employed,Married,5,4,2,2,2,3,5,1,1,More than 10 times,Yes,Yes,Yes,Yes,4-6 Hours,2,2,2,2,2,2,No,No,Yes,Yes,Yes,No,Yes,No,Facebook;Instagram,5-7 Hours,2,2
2025/06/26 12:45:42 PM GMT+6,20-30,Male,Student,Single,5,4,3,4,4,5,4,4,3,More than 10 times,Yes,Yes,Yes,No,4-6 Hours,4,3,2,5,1,2,No,Yes,Yes,No,No,No,Yes,Yes,Facebook;Instagram;YouTube,5-7 Hours,1,3
2025/06/26 12:46:10 PM GMT+6,20-30,Male,Student,Single,3,1,1,1,2,2,2,3,1,5-7 times,Yes,Yes,No,No,1-3 Hours,3,4,1,2,1,2,No,Yes,Yes,No,No,No,No,No,Facebook;Instagram;YouTube;LinkedIn,5-7 Hours,2,3
2025/06/26 12:47:01 PM GMT+6,30-40,Male,Self-employed,Married,1,1,1,1,1,1,1,1,1,1-4 times,No,No,Yes,No,0-1 Hours,1,1,1,1,1,1,No,Yes,Yes,No,Yes,No,No,No,Facebook;YouTube,7-9 Hours,1,1
2025/06/26 12:48:23 PM GMT+6,20-30,Female,Student,Single,3,2,1,3,2,5,2,1,1,More than 10 times,Yes,Yes,Yes,Yes,4-6 Hours,5,5,5,3,5,1,Yes,Yes,No,Yes,Yes,Yes,No,Yes,Facebook,3-5 Hours,2,3
2025/06/26 12:48:24 PM GMT+6,20-30,Male,Student,Single,3,1,1,3,2,3,2,3,4,8-10 times,Yes,Yes,No,No,1-3 Hours,4,1,3,4,4,1,Yes,Yes,No,Yes,Yes,No,No,Yes,Facebook;Instagram;YouTube;LinkedIn;Snapchat,5-7 Hours,2,4
2025/06/26 12:49:00 PM GMT+6,20-30,Male,Student,Single,4,3,4,3,4,4,5,1,4,More than 10 times,Yes,Yes,Yes,Yes,7-9 Hours,3,3,3,3,2,3,Yes,Yes,Yes,Yes,No,No,Yes,Yes,Facebook;Instagram;YouTube,5-7 Hours,2,3
2025/06/26 12:49:44 PM GMT+6,20-30,Male,Student,Single,2,1,1,4,4,1,2,5,2,1-4 times,Yes,Yes,No,No,1-3 Hours,4,4,4,2,4,2,Yes,Yes,Yes,Yes,No,No,No,No,Facebook;Instagram;YouTube,5-7 Hours,1,1
2025/06/26 12:50:32 PM GMT+6,40-60,Male,Employed,Married,3,1,2,1,1,1,3,1,1,More than 10 times,No,No,Yes,No,1-3 Hours,1,1,1,1,1,1,No,Yes,Yes,No,No,No,No,No,Facebook;YouTube,5-7 Hours,1,1
2025/06/26 12:50:49 PM GMT+6,20-30,Female,Student,Married,5,1,1,1,1,3,3,1,1,8-10 times,Yes,Yes,Yes,Yes,4-6 Hours,4,4,4,3,1,2,Yes,No,Yes,No,No,No,No,No,Facebook,7-9 Hours,1,2
2025/06/26 12:53:04 PM GMT+6,20-30,Male,Student,Single,5,4,1,5,5,5,3,1,3,More than 10 times,Yes,Yes,Yes,Yes,More than  Hours,5,1,4,5,1,5,Yes,Yes,No,Yes,No,No,Yes,Yes,Facebook,5-7 Hours,4,5
2025/06/26 12:54:54 PM GMT+6,30-40,Male,Employed,Married,5,3,3,2,2,4,5,2,4,More than 10 times,Yes,Yes,Yes,Yes,7-9 Hours,3,2,2,3,3,2,No,Yes,Yes,Yes,No,No,Yes,,Facebook;YouTube,5-7 Hours,3,3
2025/06/26 12:55:10 PM GMT+6,20-30,Male,Student,Single,5,4,5,5,5,5,4,1,4,More than 10 times,Yes,Yes,Yes,Yes,7-9 Hours,5,4,4,4,3,3,Yes,Yes,Yes,Yes,Yes,No,Yes,Yes,Facebook;Instagram;YouTube,7-9 Hours,3,4
2025/06/26 12:55:20 PM GMT+6,20-30,Female,Unemployed,Married,5,5,4,3,5,5,5,1,2,More than 10 times,Yes,Yes,Yes,No,7-9 Hours,5,4,5,5,1,4,Yes,Yes,Yes,Yes,No,No,Yes,,Facebook;YouTube,5-7 Hours,1,5
2025/06/26 12:56:18 PM GMT+6,30-40,Male,Self-employed,Married,4,3,2,1,2,3,1,1,3,More than 10 times,Yes,Yes,No,No,1-3 Hours,1,5,1,3,5,1,Yes,Yes,No,Yes,Yes,Yes,No,No,Facebook;X/Twitter ,5-7 Hours,1,2
2025/06/26 12:56:33 PM GMT+6,20-30,Male,Employed,Married,3,4,2,4,4,4,3,1,2,More than 10 times,Yes,Yes,Yes,No,4-6 Hours,4,4,3,4,3,4,Yes,Yes,No,Yes,No,No,Yes,Yes,Facebook;YouTube,7-9 Hours,3,5
2025/06/26 12:58:03 PM GMT+6,20-30,Male,Student,Single,5,4,4,2,4,5,3,3,1,8-10 times,Yes,Yes,Yes,No,1-3 Hours,3,3,4,4,4,1,Yes,No,No,Yes,Yes,Yes,No,Yes,Facebook;Instagram;YouTube,5-7 Hours,2,5
2025/06/26 12:58:53 PM GMT+6,20-30,Female,Student,Single,3,5,5,5,5,5,5,5,5,1-4 times,Yes,Yes,Yes,Yes,More than  Hours,5,1,5,5,1,5,Yes,Yes,No,Yes,No,No,No,Yes,Facebook;YouTube,More than 9 Hours,5,5
2025/06/26 12:59:07 PM GMT+6,20-30,Male,Student,Single,1,1,1,1,3,5,3,1,5,More than 10 times,No,Yes,Yes,Yes,7-9 Hours,4,5,5,5,5,5,No,Yes,Yes,No,No,No,No,Yes,Facebook;YouTube,7-9 Hours,1,5
2025/06/26 12:59:09 PM GMT+6,20-30,Male,Employed,Single,3,3,2,2,2,2,2,1,1,1-4 times,No,Yes,Yes,No,1-3 Hours,1,2,1,1,1,1,No,Yes,Yes,Yes,No,No,No,,YouTube;LinkedIn,5-7 Hours,2,3
2025/06/26 12:59:30 PM GMT+6,20-30,Male,Student,Single,3,2,2,1,4,4,4,2,2,8-10 times,Yes,Yes,Yes,Yes,1-3 Hours,2,2,2,3,4,3,Yes,Yes,Yes,Yes,No,No,Yes,Yes,Facebook;YouTube,7-9 Hours,1,4
2025/06/26 1:00:20 PM GMT+6,20-30,Male,Employed,Married,2,1,1,5,1,1,1,1,1,8-10 times,Yes,Yes,Yes,Yes,0-1 Hours,1,1,1,1,1,1,No,No,Yes,No,No,No,No,No,Facebook;YouTube,5-7 Hours,1,3
2025/06/26 1:00:52 PM GMT+6,20-30,Male,Student,Single,4,4,3,1,5,4,5,1,4,More than 10 times,Yes,Yes,Yes,Yes,4-6 Hours,3,5,2,5,3,1,Yes,No,Yes,No,No,No,Yes,Yes,Facebook;Instagram;YouTube,5-7 Hours,3,4
2025/06/26 1:02:09 PM GMT+6,40-60,Male,Employed,Married,4,2,2,1,3,2,2,1,2,8-10 times,Yes,Yes,No,Yes,1-3 Hours,2,1,1,2,4,1,No,No,Yes,No,No,No,No,,Facebook;YouTube,3-5 Hours,3,4
2025/06/26 1:03:06 PM GMT+6,20-30,Male,Student,Single,3,2,1,1,4,3,2,1,1,8-10 times,Yes,Yes,Yes,No,1-3 Hours,1,2,1,3,2,2,No,No,Yes,No,No,No,Yes,Yes,Facebook;Instagram;YouTube;LinkedIn,3-5 Hours,2,2
2025/06/26 1:03:16 PM GMT+6,20-30,Male,Student,Married,2,2,1,1,2,1,1,1,1,1-4 times,Yes,Yes,Yes,No,0-1 Hours,3,2,3,1,2,1,Yes,Yes,Yes,Yes,No,No,No,No,YouTube,5-7 Hours,1,2
2025/06/26 1:03:48 PM GMT+6,20-30,Male,Student,Complicated,5,4,4,4,5,5,4,4,3,More than 10 times,Yes,Yes,Yes,Yes,4-6 Hours,4,4,4,5,4,5,Yes,No,No,Yes,No,No,Yes,Yes,Facebook;Instagram,5-7 Hours,4,5
2025/06/26 1:05:11 PM GMT+6,20-30,Male,Employed,Single,4,5,3,2,5,5,5,4,4,More than 10 times,Yes,Yes,Yes,No,4-6 Hours,4,5,5,5,5,5,Yes,No,No,Yes,No,No,No,,Facebook;YouTube;WhatsApp,5-7 Hours,4,5
2025/06/26 1:05:30 PM GMT+6,30-40,Male,Employed,Married,1,5,1,5,1,1,1,5,5,More than 10 times,Yes,Yes,Yes,Yes,1-3 Hours,5,5,3,4,1,5,No,No,Yes,No,No,No,Yes,No,Facebook;YouTube,5-7 Hours,5,5
2025/06/26 1:07:51 PM GMT+6,20-30,Male,Student,In Relationship,3,2,3,2,4,4,3,4,2,1-4 times,Yes,Yes,Yes,No,1-3 Hours,2,2,2,2,1,2,No,Yes,Yes,Yes,No,No,No,Yes,Facebook;Instagram;YouTube,5-7 Hours,2,2
2025/06/26 1:08:28 PM GMT+6,20-30,Male,Employed,Single,3,3,2,4,2,5,4,1,1,More than 10 times,Yes,No,Yes,No,4-6 Hours,2,2,3,4,1,1,Yes,No,Yes,Yes,No,No,Yes,,Facebook;YouTube;Telegram,5-7 Hours,1,3
2025/06/26 1:11:02 PM GMT+6,40-60,Male,Employed,Married,1,1,1,1,1,2,3,1,1,1-4 times,Yes,No,Yes,No,1-3 Hours,1,1,1,1,1,2,No,No,No,No,No,No,Yes,No,Facebook;YouTube,5-7 Hours,1,1
2025/06/26 1:13:00 PM GMT+6,20-30,Male,Student,Single,5,3,2,2,5,5,3,1,1,8-10 times,Yes,Yes,Yes,No,1-3 Hours,1,2,1,4,2,1,No,Yes,No,No,Yes,No,No,Yes,Facebook;Instagram;YouTube;LinkedIn,5-7 Hours,1,4
2025/06/26 1:13:54 PM GMT+6,20-30,Male,Student,Single,4,5,2,2,5,4,2,1,1,5-7 times,Yes,Yes,No,No,1-3 Hours,3,3,2,4,3,4,No,Yes,No,Yes,No,No,Yes,Yes,Facebook;YouTube,7-9 Hours,3,3
2025/06/26 1:17:02 PM GMT+6,20-30,Male,Student,Single,2,2,3,2,2,2,2,2,2,5-7 times,Yes,Yes,Yes,No,4-6 Hours,2,2,2,2,2,2,No,Yes,Yes,Yes,No,No,Yes,No,YouTube,5-7 Hours,2,2
2025/06/26 1:18:02 PM GMT+6,20-30,Male,Student,Single,4,2,2,3,4,5,5,3,5,5-7 times,Yes,Yes,Yes,Yes,4-6 Hours,3,3,3,3,3,3,Yes,Yes,Yes,Yes,No,No,No,Yes,Facebook;YouTube;LinkedIn,3-5 Hours,3,3
2025/06/26 1:21:25 PM GMT+6,13-19,Male,Student,Single,5,5,3,1,5,3,4,1,4,More than 10 times,Yes,Yes,Yes,No,7-9 Hours,2,4,3,5,5,5,No,Yes,No,No,No,No,Yes,Yes,Facebook;Instagram,7-9 Hours,2,4
2025/06/26 1:22:08 PM GMT+6,20-30,Female,Student,Single,3,2,3,1,5,2,2,1,3,1-4 times,Yes,Yes,Yes,Yes,1-3 Hours,4,2,5,3,1,2,Yes,Yes,Yes,No,Yes,No,No,No,Facebook;Instagram;YouTube;LinkedIn,3-5 Hours,2,3
2025/06/26 1:26:30 PM GMT+6,30-40,Male,Employed,Married,4,3,4,3,4,4,4,4,3,More than 10 times,Yes,Yes,Yes,No,4-6 Hours,3,4,3,4,3,1,No,No,No,Yes,Yes,Yes,Yes,,Facebook;YouTube;LinkedIn,5-7 Hours,3,3
2025/06/26 1:29:12 PM GMT+6,20-30,Male,Student,Single,4,4,2,1,2,3,2,2,1,5-7 times,No,Yes,No,No,1-3 Hours,3,4,5,3,1,2,Yes,Yes,No,Yes,No,No,No,Yes,YouTube,5-7 Hours,3,5
2025/06/26 1:29:20 PM GMT+6,20-30,Male,Employed,Married,2,1,1,1,1,1,2,1,1,1-4 times,Yes,Yes,Yes,Yes,0-1 Hours,2,1,1,1,1,1,No,Yes,Yes,Yes,No,No,No,No,Facebook;YouTube;LinkedIn,5-7 Hours,1,3
2025/06/26 1:34:01 PM GMT+6,20-30,Male,Employed,Married,4,3,4,3,4,2,2,5,1,More than 10 times,Yes,Yes,Yes,No,4-6 Hours,3,1,3,3,5,2,Yes,Yes,Yes,No,No,No,Yes,No,Facebook,5-7 Hours,3,3
2025/06/26 1:36:21 PM GMT+6,20-30,Male,Student,In Relationship,2,2,3,1,2,3,1,1,1,More than 10 times,Yes,No,Yes,Yes,1-3 Hours,1,1,4,2,4,3,Yes,Yes,Yes,No,Yes,Yes,Yes,Yes,Facebook;Instagram;Tiktok,7-9 Hours,5,3
2025/06/26 1:37:31 PM GMT+6,30-40,Male,Employed,Married,3,2,1,1,3,2,1,1,1,1-4 times,Yes,Yes,Yes,No,1-3 Hours,1,1,2,2,3,2,Yes,Yes,Yes,No,Yes,No,No,No,Facebook;YouTube;LinkedIn,5-7 Hours,3,3
2025/06/26 1:39:14 PM GMT+6,20-30,Male,Student,Single,4,3,3,2,3,5,3,1,1,1-4 times,No,Yes,Yes,No,7-9 Hours,3,2,3,5,4,1,No,Yes,Yes,Yes,No,No,No,Yes,YouTube;LinkedIn,More than 9 Hours,1,3
2025/06/26 1:41:44 PM GMT+6,20-30,Male,Student,In Relationship,2,3,2,2,2,4,4,4,4,More than 10 times,Yes,Yes,Yes,No,4-6 Hours,1,1,1,2,2,2,Yes,Yes,No,Yes,No,Yes,Yes,No,Facebook;Instagram;Tiktok;YouTube,7-9 Hours,2,3
2025/06/26 1:46:51 PM GMT+6,20-30,Male,Student,Single,3,3,1,2,1,4,2,1,1,5-7 times,Yes,Yes,Yes,No,4-6 Hours,1,3,1,3,4,2,No,No,Yes,Yes,No,No,Yes,Yes,Facebook;YouTube;LinkedIn,7-9 Hours,2,1
2025/06/26 1:47:47 PM GMT+6,20-30,Female,Student,Single,5,5,3,5,5,3,4,1,2,More than 10 times,Yes,Yes,Yes,Yes,7-9 Hours,5,5,5,3,1,2,Yes,Yes,Yes,Yes,Yes,Yes,No,Yes,Facebook;Instagram,7-9 Hours,1,3
2025/06/26 1:48:01 PM GMT+6,20-30,Male,Student,Single,5,5,2,1,1,3,2,2,3,More than 10 times,Yes,Yes,Yes,Yes,4-6 Hours,2,2,3,1,1,3,Yes,Yes,Yes,No,No,No,Yes,No,Facebook;Instagram;YouTube;Snapchat,5-7 Hours,2,2
2025/06/26 1:49:48 PM GMT+6,20-30,Male,Employed,Complicated,5,5,5,5,5,5,5,5,5,More than 10 times,Yes,Yes,Yes,Yes,4-6 Hours,5,5,5,5,5,5,Yes,No,No,No,No,No,Yes,Yes,Facebook;Instagram;YouTube;LinkedIn,5-7 Hours,5,5
2025/06/26 1:53:54 PM GMT+6,30-40,Male,Unemployed,Married,5,5,5,5,5,5,5,1,1,More than 10 times,Yes,Yes,Yes,No,7-9 Hours,5,5,5,4,5,5,Yes,Yes,No,Yes,No,No,Yes,No,Facebook;YouTube,1-3 Hours,1,5
2025/06/26 1:56:21 PM GMT+6,30-40,Male,Employed,Married,5,4,3,5,5,5,4,5,4,8-10 times,Yes,Yes,Yes,Yes,4-6 Hours,3,2,2,3,4,3,Yes,Yes,No,Yes,Yes,Yes,Yes,Yes,Facebook;YouTube,5-7 Hours,4,3
2025/06/26 1:57:00 PM GMT+6,20-30,Male,Student,Single,3,2,4,3,5,5,5,3,4,8-10 times,Yes,Yes,Yes,Yes,4-6 Hours,4,4,4,4,5,3,Yes,Yes,No,Yes,No,No,Yes,Yes,Facebook;Instagram;YouTube,3-5 Hours,3,3
2025/06/26 1:57:11 PM GMT+6,20-30,Male,Student,In Relationship,5,4,3,1,4,4,4,1,4,8-10 times,Yes,No,Yes,No,7-9 Hours,4,4,4,5,4,3,Yes,No,No,Yes,No,No,Yes,Yes,Facebook;Instagram;YouTube,5-7 Hours,4,3
2025/06/26 1:57:13 PM GMT+6,20-30,Male,Student,Single,4,1,2,1,4,3,3,1,2,5-7 times,Yes,Yes,Yes,No,4-6 Hours,3,2,3,3,1,2,Yes,Yes,Yes,No,No,No,Yes,Yes,Facebook;YouTube,5-7 Hours,1,2
2025/06/26 1:59:50 PM GMT+6,20-30,Female,Student,Single,4,2,1,4,2,1,2,1,3,5-7 times,Yes,Yes,No,No,1-3 Hours,5,4,5,1,4,3,Yes,No,No,Yes,Yes,Yes,No,Yes,Instagram;YouTube,3-5 Hours,1,2
2025/06/26 2:00:05 PM GMT+6,20-30,Male,Student,Single,3,2,2,2,1,2,1,1,1,8-10 times,Yes,Yes,Yes,No,4-6 Hours,2,2,1,2,3,1,No,Yes,Yes,No,No,No,Yes,Yes,Facebook;YouTube;LinkedIn,5-7 Hours,1,1
2025/06/26 2:02:59 PM GMT+6,30-40,Male,Employed,Single,2,1,1,2,3,1,4,5,1,More than 10 times,Yes,No,Yes,Yes,7-9 Hours,1,1,1,1,3,1,No,Yes,Yes,No,No,No,Yes,No,Facebook;YouTube,7-9 Hours,2,2
2025/06/26 2:03:32 PM GMT+6,20-30,Female,Student,Single,5,5,5,5,4,5,5,1,1,More than 10 times,Yes,Yes,Yes,Yes,More than  Hours,5,5,5,5,5,5,Yes,No,No,Yes,Yes,Yes,Yes,Yes,Facebook;Instagram;YouTube,1-3 Hours,5,5
2025/06/26 2:12:40 PM GMT+6,20-30,Male,Student,Single,5,5,1,1,5,5,5,1,1,More than 10 times,Yes,Yes,Yes,No,4-6 Hours,5,5,1,5,5,1,No,No,Yes,No,No,No,No,Yes,YouTube,5-7 Hours,1,1
2025/06/26 2:15:37 PM GMT+6,20-30,Male,Student,Single,3,2,2,3,4,3,5,1,3,8-10 times,Yes,Yes,Yes,No,1-3 Hours,3,2,3,4,3,2,No,Yes,Yes,Yes,No,No,No,Yes,Facebook;Instagram;Tiktok;YouTube;LinkedIn,5-7 Hours,1,3
2025/06/26 2:16:50 PM GMT+6,20-30,Male,Employed,Single,2,1,1,1,2,2,2,1,1,1-4 times,Yes,Yes,Yes,No,0-1 Hours,1,2,1,2,1,1,No,Yes,Yes,Yes,No,No,No,,YouTube;LinkedIn,5-7 Hours,1,1
2025/06/26 2:17:02 PM GMT+6,20-30,Male,Student,Single,4,3,2,3,4,3,3,1,1,1-4 times,Yes,Yes,Yes,No,1-3 Hours,3,4,4,3,3,4,Yes,Yes,Yes,Yes,Yes,No,Yes,Yes,Facebook;YouTube,5-7 Hours,2,3
2025/06/26 2:21:25 PM GMT+6,20-30,Male,Employed,Single,1,2,1,2,1,1,1,1,1,1-4 times,Yes,No,Yes,No,1-3 Hours,3,2,2,1,3,1,No,Yes,Yes,Yes,No,No,No,,YouTube,7-9 Hours,1,2
2025/06/26 2:21:45 PM GMT+6,20-30,Male,Employed,Married,4,3,1,1,2,5,5,2,2,More than 10 times,Yes,Yes,Yes,No,1-3 Hours,2,2,2,2,3,1,No,No,Yes,No,No,No,Yes,,Facebook;YouTube;LinkedIn,5-7 Hours,2,3
2025/06/26 2:24:29 PM GMT+6,30-40,Male,Employed,Married,4,4,4,4,5,5,3,1,1,8-10 times,Yes,Yes,Yes,Yes,1-3 Hours,4,3,3,4,1,2,No,Yes,Yes,Yes,No,No,No,,Facebook;YouTube,7-9 Hours,1,2
2025/06/26 2:26:33 PM GMT+6,20-30,Male,Student,Single,4,3,2,2,3,4,2,2,1,1-4 times,Yes,Yes,No,No,1-3 Hours,3,4,4,2,3,1,No,Yes,Yes,Yes,No,No,No,Yes,YouTube,5-7 Hours,1,4
2025/06/26 2:27:19 PM GMT+6,40-60,Male,Employed,Married,4,3,2,2,3,4,2,1,2,8-10 times,Yes,Yes,Yes,No,4-6 Hours,1,1,1,3,1,1,No,Yes,Yes,No,No,No,No,,Facebook;LinkedIn,5-7 Hours,2,1
2025/06/26 2:31:05 PM GMT+6,20-30,Male,Student,Single,1,1,1,1,1,2,1,1,1,1-4 times,No,Yes,Yes,No,0-1 Hours,2,2,2,1,1,1,No,Yes,Yes,Yes,No,No,No,No,YouTube;Telegram,5-7 Hours,1,3
2025/06/26 2:33:41 PM GMT+6,20-30,Female,Student,Single,3,2,1,1,3,2,3,1,2,1-4 times,Yes,Yes,Yes,Yes,0-1 Hours,1,1,1,1,1,1,No,Yes,Yes,No,No,No,No,No,YouTube,5-7 Hours,1,1
2025/06/26 2:36:49 PM GMT+6,20-30,Male,Student,Single,4,2,3,5,5,5,4,1,1,5-7 times,Yes,Yes,Yes,Yes,4-6 Hours,4,4,4,5,5,4,Yes,Yes,No,No,No,No,No,Yes,Facebook;YouTube,7-9 Hours,3,4
2025/06/26 2:45:24 PM GMT+6,20-30,Female,Student,Single,5,3,5,5,3,3,5,5,2,More than 10 times,Yes,No,Yes,No,4-6 Hours,5,2,5,2,2,4,Yes,No,No,Yes,Yes,No,Yes,Yes,Facebook;YouTube,5-7 Hours,2,3
2025/06/26 2:46:38 PM GMT+6,20-30,Male,Student,Single,4,4,2,5,3,4,5,1,2,More than 10 times,Yes,Yes,Yes,No,7-9 Hours,5,3,5,4,5,2,Yes,Yes,No,Yes,No,No,No,Yes,Facebook,3-5 Hours,3,3
2025/06/26 2:47:57 PM GMT+6,13-19,Male,Student,Single,3,3,4,4,4,3,3,1,1,0 time,Yes,Yes,Yes,No,4-6 Hours,1,1,1,1,5,1,No,Yes,Yes,No,No,No,Yes,Yes,Facebook,3-5 Hours,4,2
2025/06/26 2:50:24 PM GMT+6,30-40,Male,Employed,Married,5,5,3,1,4,5,4,5,5,More than 10 times,Yes,Yes,Yes,Yes,1-3 Hours,5,4,5,3,4,4,Yes,No,Yes,Yes,No,No,Yes,No,Facebook;YouTube,7-9 Hours,5,4
2025/06/26 2:56:02 PM GMT+6,20-30,Female,Student,Married,3,2,4,5,5,5,5,3,1,More than 10 times,Yes,Yes,Yes,No,4-6 Hours,5,5,4,4,4,4,Yes,No,No,No,No,No,Yes,No,Facebook;YouTube,7-9 Hours,4,3
2025/06/26 3:05:55 PM GMT+6,20-30,Male,Student,Single,2,1,1,3,3,3,1,5,1,1-4 times,Yes,Yes,No,Yes,1-3 Hours,5,5,5,3,2,5,Yes,Yes,No,Yes,No,No,No,Yes,YouTube,3-5 Hours,2,3
2025/06/26 3:08:36 PM GMT+6,20-30,Female,Student,Married,1,1,1,1,1,1,1,1,1,0 time,No,Yes,Yes,No,0 Hours,5,1,3,1,4,1,Yes,Yes,Yes,Yes,Yes,No,No,No,YouTube,5-7 Hours,1,1
2025/06/26 3:12:56 PM GMT+6,20-30,Female,Student,Single,5,5,1,5,5,5,5,5,5,More than 10 times,Yes,Yes,Yes,No,7-9 Hours,5,5,5,5,5,1,Yes,No,No,Yes,Yes,No,Yes,Yes,Facebook;YouTube,1-3 Hours,2,5
2025/06/26 3:16:10 PM GMT+6,20-30,Male,Student,In Relationship,5,5,4,4,4,5,5,4,2,5-7 times,Yes,Yes,Yes,Yes,4-6 Hours,3,4,3,5,3,3,Yes,Yes,No,No,No,No,Yes,Yes,Facebook;Instagram;YouTube,3-5 Hours,2,3
2025/06/26 3:19:11 PM GMT+6,20-30,Male,Employed,Married,4,2,2,5,2,1,4,1,4,More than 10 times,Yes,No,Yes,No,1-3 Hours,5,3,5,3,2,1,Yes,Yes,Yes,Yes,Yes,No,No,No,Facebook;YouTube;LinkedIn,5-7 Hours,3,3
2025/06/26 3:19:51 PM GMT+6,20-30,Male,Student,Single,2,1,1,1,1,1,1,1,1,8-10 times,Yes,No,Yes,No,1-3 Hours,3,1,2,2,1,1,Yes,Yes,Yes,No,No,No,No,No,Facebook;YouTube,5-7 Hours,1,2
2025/06/26 3:23:18 PM GMT+6,20-30,Female,Unemployed,Complicated,5,1,5,5,3,3,4,5,3,More than 10 times,Yes,Yes,Yes,Yes,4-6 Hours,5,5,5,3,4,3,Yes,No,No,Yes,Yes,No,No,,Facebook;Instagram;YouTube,5-7 Hours,1,4
2025/06/26 3:25:56 PM GMT+6,20-30,Female,Student,In Relationship,5,5,5,5,5,5,5,5,5,More than 10 times,Yes,Yes,Yes,Yes,More than  Hours,5,5,5,5,5,5,Yes,No,No,Yes,Yes,No,Yes,Yes,Facebook;Instagram;Netmirror,More than 9 Hours,5,5
2025/06/26 3:28:38 PM GMT+6,20-30,Female,Student,Single,3,1,1,2,1,2,3,1,5,1-4 times,Yes,Yes,Yes,No,1-3 Hours,3,2,2,1,2,1,Yes,Yes,Yes,Yes,No,No,No,Yes,Facebook;YouTube,5-7 Hours,2,4
2025/06/26 3:31:28 PM GMT+6,20-30,Male,Student,Single,3,1,1,1,4,3,2,4,1,More than 10 times,Yes,Yes,Yes,Yes,1-3 Hours,2,1,2,3,1,3,Yes,Yes,Yes,Yes,No,Yes,No,Yes,Facebook;YouTube;LinkedIn,3-5 Hours,2,2
2025/06/26 3:32:36 PM GMT+6,20-30,Female,Student,Single,3,1,1,5,4,5,3,4,4,8-10 times,Yes,Yes,No,No,1-3 Hours,1,1,1,1,1,1,No,Yes,Yes,Yes,No,No,No,No,Facebook;Instagram,7-9 Hours,1,2
2025/06/26 3:34:02 PM GMT+6,20-30,Male,Student,In Relationship,5,4,2,2,3,5,4,2,5,More than 10 times,Yes,Yes,Yes,Yes,4-6 Hours,5,4,5,5,3,3,Yes,No,No,Yes,No,No,Yes,Yes,Facebook;YouTube,5-7 Hours,1,4
2025/06/26 3:36:41 PM GMT+6,20-30,Male,Student,Single,1,1,1,1,1,1,1,1,1,1-4 times,No,Yes,Yes,No,0-1 Hours,1,1,1,1,1,1,No,Yes,Yes,No,No,No,No,Yes,YouTube,5-7 Hours,1,1
2025/06/26 3:45:52 PM GMT+6,20-30,Female,Self-employed,Complicated,2,2,2,2,1,4,5,5,4,1-4 times,No,Yes,Yes,Yes,More than  Hours,5,5,5,5,5,4,Yes,Yes,Yes,No,Yes,Yes,Yes,Yes,Tiktok,5-7 Hours,4,3
2025/06/26 3:46:52 PM GMT+6,20-30,Male,Student,In Relationship,5,3,2,1,1,3,3,4,2,More than 10 times,Yes,No,Yes,Yes,1-3 Hours,2,4,2,2,3,1,No,Yes,Yes,Yes,No,No,Yes,Yes,Facebook;YouTube;LinkedIn,7-9 Hours,1,3
2025/06/26 3:47:08 PM GMT+6,20-30,Female,Student,Single,3,2,1,1,1,2,1,2,1,1-4 times,Yes,Yes,No,Yes,0-1 Hours,2,2,2,2,3,1,No,Yes,Yes,Yes,No,Yes,No,No,Facebook;Instagram;Tiktok;YouTube;LinkedIn;Snapchat,1-3 Hours,1,2
2025/06/26 3:48:27 PM GMT+6,20-30,Male,Employed,Married,4,3,2,4,4,4,2,1,4,5-7 times,Yes,Yes,Yes,No,1-3 Hours,3,3,2,3,4,4,Yes,Yes,Yes,No,No,No,Yes,,Facebook;YouTube;LinkedIn,5-7 Hours,2,3
2025/06/26 3:53:28 PM GMT+6,20-30,Female,Employed,Single,2,3,2,1,2,4,4,1,2,8-10 times,Yes,Yes,Yes,No,4-6 Hours,3,2,2,4,2,2,Yes,Yes,Yes,Yes,No,No,No,Yes,Facebook,5-7 Hours,1,2
2025/06/26 4:19:55 PM GMT+6,20-30,Male,Student,Single,2,1,1,1,1,1,1,1,1,5-7 times,Yes,No,No,Yes,1-3 Hours,2,1,1,1,1,1,No,Yes,Yes,Yes,No,No,No,No,Facebook;YouTube,7-9 Hours,2,5
2025/06/26 4:31:53 PM GMT+6,20-30,Male,Student,In Relationship,3,2,4,1,3,2,4,3,1,5-7 times,Yes,Yes,Yes,No,4-6 Hours,2,4,3,2,1,1,No,Yes,Yes,Yes,Yes,No,Yes,Yes,YouTube,5-7 Hours,2,2
2025/06/26 4:34:37 PM GMT+6,20-30,Male,Self-employed,Single,3,1,2,5,1,2,3,1,1,5-7 times,Yes,Yes,Yes,No,1-3 Hours,3,3,4,2,3,3,Yes,Yes,Yes,Yes,Yes,No,Yes,No,Facebook;YouTube,3-5 Hours,1,3
2025/06/26 4:35:04 PM GMT+6,20-30,Male,Student,Single,1,1,1,1,1,1,3,1,3,1-4 times,Yes,Yes,Yes,Yes,0-1 Hours,1,1,1,1,1,1,No,Yes,Yes,No,No,No,No,No,Facebook;LinkedIn,5-7 Hours,1,1
2025/06/26 4:35:30 PM GMT+6,20-30,Male,Student,In Relationship,3,1,4,2,1,1,1,1,1,8-10 times,Yes,No,Yes,Yes,1-3 Hours,1,2,1,1,1,3,No,No,Yes,No,No,No,No,No,Facebook;YouTube;LinkedIn,7-9 Hours,1,1
2025/06/26 4:58:00 PM GMT+6,20-30,Male,Student,Married,4,3,3,1,3,4,3,3,3,8-10 times,Yes,Yes,Yes,Yes,4-6 Hours,3,3,4,3,4,4,Yes,Yes,No,Yes,No,No,No,Yes,Facebook;YouTube,5-7 Hours,1,3
2025/06/26 4:58:18 PM GMT+6,20-30,Male,Student,Single,3,3,3,2,3,3,3,1,1,1-4 times,Yes,Yes,Yes,No,4-6 Hours,4,1,1,2,4,3,No,Yes,Yes,No,No,No,No,Yes,Facebook;Instagram;YouTube;LinkedIn,5-7 Hours,2,3
2025/06/26 5:18:04 PM GMT+6,20-30,Female,Student,Single,5,4,5,5,5,5,5,1,2,More than 10 times,No,Yes,No,No,4-6 Hours,5,5,5,5,1,1,Yes,Yes,Yes,No,Yes,No,No,Yes,Facebook;Instagram;YouTube,7-9 Hours,3,3
2025/06/26 5:26:33 PM GMT+6,20-30,Female,Employed,Single,5,3,2,3,5,5,2,3,1,More than 10 times,Yes,Yes,Yes,No,4-6 Hours,2,2,3,4,1,3,Yes,Yes,Yes,Yes,No,No,No,No,Facebook;YouTube;LinkedIn,7-9 Hours,1,3
2025/06/26 5:38:07 PM GMT+6,20-30,Male,Student,Single,5,4,2,2,4,4,3,2,1,8-10 times,Yes,Yes,Yes,No,7-9 Hours,2,3,3,3,4,2,Yes,Yes,Yes,No,No,No,Yes,Yes,Facebook;Instagram;YouTube,3-5 Hours,1,3
2025/06/26 5:57:42 PM GMT+6,40-60,Male,Employed,Married,3,2,3,3,3,3,2,1,1,1-4 times,Yes,Yes,Yes,Yes,1-3 Hours,1,1,1,1,2,1,No,No,Yes,Yes,No,No,No,,Facebook;YouTube,5-7 Hours,2,1
2025/06/26 6:03:11 PM GMT+6,20-30,Male,Employed,Single,4,3,2,2,5,4,4,3,2,8-10 times,Yes,Yes,Yes,Yes,4-6 Hours,4,4,4,4,3,5,Yes,Yes,No,Yes,Yes,No,Yes,No,Facebook;YouTube,5-7 Hours,1,3
2025/06/26 6:03:37 PM GMT+6,20-30,Male,Student,Single,3,5,1,1,1,1,2,1,1,1-4 times,No,No,No,No,0-1 Hours,5,5,5,5,5,2,Yes,Yes,Yes,Yes,Yes,No,No,No,YouTube,5-7 Hours,1,1
2025/06/26 6:08:19 PM GMT+6,40-60,Male,Employed,Married,4,2,2,1,3,2,3,1,1,5-7 times,Yes,Yes,Yes,No,1-3 Hours,1,1,1,2,1,1,No,Yes,Yes,No,No,No,Yes,,Facebook;YouTube,5-7 Hours,2,3
2025/06/26 6:09:49 PM GMT+6,20-30,Male,Student,Single,2,1,1,1,1,1,1,1,1,1-4 times,No,Yes,No,No,0-1 Hours,2,1,2,1,2,1,Yes,Yes,Yes,No,No,No,No,No,YouTube,5-7 Hours,1,2
2025/06/26 6:12:18 PM GMT+6,20-30,Male,Employed,Married,4,5,2,5,5,5,4,5,1,5-7 times,Yes,Yes,Yes,No,1-3 Hours,5,4,4,2,4,5,Yes,No,Yes,Yes,No,No,No,Yes,Facebook;Instagram;Tiktok;YouTube;LinkedIn,5-7 Hours,5,4
2025/06/26 6:12:48 PM GMT+6,20-30,Female,Student,Married,5,5,5,5,5,5,5,5,3,More than 10 times,Yes,Yes,Yes,No,More than  Hours,5,4,4,4,5,1,Yes,Yes,No,Yes,Yes,No,Yes,Yes,Facebook,5-7 Hours,3,5
2025/06/26 6:13:05 PM GMT+6,20-30,Male,Student,Single,5,1,5,1,1,3,5,3,5,More than 10 times,Yes,No,Yes,No,More than  Hours,1,1,1,1,5,3,No,Yes,Yes,No,No,No,No,No,Facebook;Instagram;YouTube;LinkedIn,5-7 Hours,1,3
2025/06/26 6:15:30 PM GMT+6,20-30,Male,Student,Single,3,2,1,1,2,3,2,1,1,1-4 times,Yes,Yes,No,No,0-1 Hours,1,3,1,2,1,1,No,Yes,Yes,No,No,No,No,No,Twitter,5-7 Hours,1,1
2025/06/26 6:18:19 PM GMT+6,30-40,Male,Employed,Married,4,2,3,1,4,3,3,1,2,8-10 times,Yes,Yes,Yes,Yes,1-3 Hours,3,4,1,3,2,2,No,Yes,No,No,No,No,Yes,Yes,Facebook;YouTube,5-7 Hours,1,2
2025/06/26 6:21:56 PM GMT+6,20-30,Male,Employed,Single,3,2,1,3,2,2,2,1,1,1-4 times,Yes,Yes,Yes,No,4-6 Hours,2,4,3,2,4,1,Yes,Yes,No,Yes,No,No,Yes,,Facebook;YouTube;LinkedIn,5-7 Hours,1,2
2025/06/26 6:25:56 PM GMT+6,20-30,Male,Unemployed,In Relationship,3,3,2,2,3,4,2,1,1,1-4 times,Yes,Yes,Yes,No,4-6 Hours,3,3,3,3,4,3,No,Yes,No,Yes,No,No,Yes,Yes,Facebook;YouTube,3-5 Hours,1,3
2025/06/26 6:26:59 PM GMT+6,20-30,Female,Self-employed,Single,3,1,3,1,3,4,2,1,1,More than 10 times,Yes,Yes,Yes,No,4-6 Hours,1,1,2,1,1,1,Yes,No,Yes,No,No,No,No,No,YouTube,5-7 Hours,1,1
2025/06/26 7:02:27 PM GMT+6,20-30,Male,Unemployed,Single,3,1,1,1,1,1,2,1,1,1-4 times,No,Yes,Yes,No,0-1 Hours,2,3,2,1,1,1,Yes,Yes,Yes,No,No,No,No,Yes,YouTube;LinkedIn,7-9 Hours,2,2
2025/06/26 7:12:44 PM GMT+6,20-30,Male,Student,In Relationship,2,1,1,1,1,1,2,2,2,1-4 times,Yes,Yes,No,Yes,0-1 Hours,2,1,2,1,2,1,No,Yes,Yes,No,No,No,No,No,Instagram;YouTube,5-7 Hours,1,1
2025/06/26 7:13:00 PM GMT+6,20-30,Male,Student,In Relationship,5,5,5,5,5,5,5,5,1,8-10 times,Yes,Yes,Yes,No,More than  Hours,5,5,5,5,5,5,Yes,No,No,Yes,No,No,Yes,Yes,Facebook;Instagram;YouTube;LinkedIn,3-5 Hours,5,4
2025/06/26 7:13:15 PM GMT+6,20-30,Male,Student,Single,4,4,1,5,1,5,5,1,1,5-7 times,Yes,No,No,No,1-3 Hours,3,5,1,5,1,1,Yes,Yes,Yes,No,No,No,No,Yes,Facebook;Instagram;YouTube,5-7 Hours,1,2
2025/06/26 7:18:45 PM GMT+6,30-40,Male,Self-employed,Married,2,1,1,1,1,1,2,2,1,1-4 times,Yes,Yes,No,No,0-1 Hours,1,1,1,1,1,1,No,Yes,Yes,No,No,No,No,,Facebook;YouTube;LinkedIn,7-9 Hours,1,1
2025/06/26 7:22:14 PM GMT+6,20-30,Male,Employed,Married,5,2,2,2,3,3,3,3,2,More than 10 times,Yes,Yes,Yes,No,4-6 Hours,2,2,3,1,3,2,No,Yes,Yes,No,No,No,Yes,No,Facebook;LinkedIn,5-7 Hours,1,2
2025/06/26 7:25:00 PM GMT+6,20-30,Male,Student,Complicated,5,3,2,2,3,5,5,5,1,More than 10 times,Yes,Yes,Yes,No,7-9 Hours,2,3,1,5,5,1,No,Yes,Yes,Yes,No,Yes,No,Yes,Facebook;Instagram;YouTube,5-7 Hours,1,3
2025/06/26 7:54:48 PM GMT+6,20-30,Male,Student,Single,1,1,1,1,1,1,1,1,1,8-10 times,No,Yes,No,No,0-1 Hours,1,1,1,1,1,1,No,Yes,Yes,No,No,No,No,No,Facebook,5-7 Hours,1,1
2025/06/26 7:55:36 PM GMT+6,20-30,Male,Student,Single,1,1,1,2,1,1,2,1,1,More than 10 times,Yes,Yes,Yes,Yes,1-3 Hours,1,5,2,2,1,1,No,Yes,Yes,Yes,No,No,No,No,Facebook;YouTube,5-7 Hours,2,5
2025/06/26 8:08:36 PM GMT+6,20-30,Female,Unemployed,Single,5,5,1,1,1,2,1,3,1,1-4 times,No,Yes,No,No,0-1 Hours,4,2,5,1,5,1,Yes,Yes,No,Yes,No,No,No,No,Whats up,3-5 Hours,1,1
2025/06/26 8:13:58 PM GMT+6,20-30,Male,Self-employed,Single,1,2,2,3,1,4,2,3,2,1-4 times,Yes,Yes,No,No,1-3 Hours,2,3,3,3,2,1,Yes,Yes,Yes,Yes,No,No,No,Yes,YouTube;LinkedIn,1-3 Hours,2,5
2025/06/26 8:29:00 PM GMT+6,20-30,Male,Self-employed,Married,5,5,5,1,5,5,5,1,5,More than 10 times,Yes,No,Yes,Yes,More than  Hours,5,5,5,5,5,5,Yes,No,No,Yes,No,No,Yes,No,Facebook,5-7 Hours,1,1
2025/06/26 8:32:35 PM GMT+6,20-30,Male,Student,Single,2,1,1,3,1,1,2,1,3,5-7 times,No,No,No,No,4-6 Hours,1,1,1,1,1,1,No,Yes,Yes,No,No,No,No,Yes,Facebook;Instagram;YouTube;LinkedIn,5-7 Hours,1,1
2025/06/26 8:56:16 PM GMT+6,20-30,Male,Student,Complicated,3,2,1,2,2,3,4,2,1,More than 10 times,Yes,No,Yes,Yes,4-6 Hours,3,3,1,1,1,2,Yes,Yes,Yes,Yes,Yes,No,No,Yes,Facebook;YouTube,5-7 Hours,1,2
2025/06/26 8:58:23 PM GMT+6,30-40,Male,Employed,Married,3,1,1,2,2,2,1,1,1,8-10 times,Yes,Yes,No,No,0-1 Hours,2,1,1,1,2,1,No,No,Yes,No,No,No,No,,Facebook;YouTube,5-7 Hours,1,1
2025/06/26 9:10:50 PM GMT+6,20-30,Male,Employed,Single,2,4,2,5,2,3,4,2,4,8-10 times,Yes,No,Yes,No,1-3 Hours,3,1,1,2,1,3,No,No,Yes,No,No,No,No,Yes,Facebook;Instagram,5-7 Hours,2,2
2025/06/26 9:11:31 PM GMT+6,20-30,Male,Student,Single,4,4,3,3,4,3,3,4,4,5-7 times,Yes,Yes,Yes,Yes,1-3 Hours,3,2,2,2,3,4,Yes,No,No,Yes,No,No,Yes,Yes,Facebook;Instagram;YouTube,1-3 Hours,3,3
2025/06/26 9:34:01 PM GMT+6,40-60,Male,Employed,Married,5,1,2,1,3,3,2,1,1,1-4 times,Yes,Yes,No,No,1-3 Hours,1,1,1,1,3,1,No,Yes,Yes,No,Yes,No,No,,Facebook;YouTube,5-7 Hours,1,1
2025/06/26 9:40:39 PM GMT+6,20-30,Male,Student,Married,4,3,2,1,5,4,5,3,2,5-7 times,Yes,Yes,Yes,Yes,7-9 Hours,3,2,4,5,4,3,Yes,Yes,Yes,Yes,Yes,No,No,Yes,Facebook;Instagram;YouTube,3-5 Hours,2,3
2025/06/26 9:41:24 PM GMT+6,20-30,Male,Student,Single,4,1,1,1,3,5,3,3,1,More than 10 times,Yes,Yes,Yes,Yes,4-6 Hours,5,5,5,5,3,3,Yes,Yes,Yes,Yes,No,Yes,No,Yes,"YouTube;LinkedIn;What's app, messenger ",5-7 Hours,1,5
2025/06/26 9:55:07 PM GMT+6,20-30,Male,Student,Single,5,5,5,5,5,5,5,5,5,1-4 times,Yes,Yes,No,Yes,4-6 Hours,2,5,5,5,5,1,Yes,Yes,Yes,Yes,No,No,No,Yes,Facebook;Instagram;Tiktok;YouTube,5-7 Hours,1,1
2025/06/26 9:58:17 PM GMT+6,20-30,Male,Employed,Single,5,5,4,3,5,5,5,5,5,More than 10 times,Yes,Yes,No,No,More than  Hours,4,4,4,4,5,5,No,No,No,No,No,No,Yes,Yes,Facebook;YouTube,More than 9 Hours,5,5
2025/06/26 10:25:30 PM GMT+6,30-40,Female,Employed,Married,5,5,3,2,1,2,4,2,3,More than 10 times,Yes,No,Yes,No,More than  Hours,3,3,3,3,3,3,Yes,No,Yes,No,Yes,No,Yes,,Facebook;Instagram;Tiktok;YouTube,5-7 Hours,2,3
2025/06/26 10:25:40 PM GMT+6,20-30,Male,Student,Single,5,3,2,4,4,5,3,1,1,More than 10 times,Yes,Yes,Yes,No,4-6 Hours,4,4,4,3,4,1,Yes,Yes,No,Yes,No,No,Yes,Yes,Facebook;YouTube,5-7 Hours,1,4
2025/06/26 10:27:49 PM GMT+6,20-30,Male,Student,Single,2,1,1,1,1,1,2,1,1,1-4 times,No,Yes,No,No,0-1 Hours,1,1,3,1,4,1,No,Yes,Yes,No,No,No,No,No,X (Twitter),5-7 Hours,2,2
2025/06/26 10:30:41 PM GMT+6,20-30,Male,Employed,Single,4,5,2,1,3,5,2,2,2,1-4 times,Yes,Yes,Yes,No,4-6 Hours,2,3,2,3,4,2,Yes,Yes,Yes,No,No,No,Yes,Yes,Facebook;X.com,5-7 Hours,2,3
2025/06/26 10:32:07 PM GMT+6,20-30,Male,Student,Single,3,3,2,1,3,4,3,1,3,5-7 times,Yes,Yes,Yes,No,7-9 Hours,1,1,1,1,2,1,No,Yes,Yes,Yes,No,No,Yes,Yes,Facebook;Instagram;YouTube,5-7 Hours,1,3
2025/06/26 10:32:17 PM GMT+6,20-30,Male,Employed,Married,5,4,2,1,1,2,4,1,1,5-7 times,No,Yes,Yes,No,0-1 Hours,4,3,1,4,1,1,No,No,Yes,Yes,No,No,Yes,,Facebook;YouTube;LinkedIn,5-7 Hours,3,2
2025/06/26 10:43:39 PM GMT+6,20-30,Male,Employed,Single,3,1,2,1,3,3,2,1,1,1-4 times,Yes,Yes,Yes,No,1-3 Hours,2,1,2,1,3,1,No,Yes,Yes,No,No,No,No,No,Facebook;YouTube;LinkedIn,3-5 Hours,1,1
2025/06/26 10:47:29 PM GMT+6,20-30,Male,Student,Single,4,5,5,4,3,5,5,1,1,More than 10 times,Yes,Yes,Yes,No,4-6 Hours,5,5,3,5,3,5,Yes,Yes,No,Yes,No,No,No,Yes,YouTube,3-5 Hours,3,3
2025/06/26 10:49:28 PM GMT+6,20-30,Male,Employed,Married,5,3,3,1,4,5,5,3,1,More than 10 times,Yes,Yes,Yes,No,4-6 Hours,4,4,2,2,4,5,Yes,Yes,Yes,Yes,No,No,Yes,Yes,Facebook;Instagram;Tiktok;YouTube,5-7 Hours,3,5
2025/06/26 10:54:56 PM GMT+6,20-30,Female,Student,Single,4,4,4,4,4,4,4,1,1,More than 10 times,Yes,Yes,Yes,No,7-9 Hours,4,4,4,4,4,1,Yes,Yes,No,Yes,No,No,Yes,Yes,Facebook;YouTube,3-5 Hours,1,4
2025/06/26 11:00:33 PM GMT+6,20-30,Male,Student,Single,2,1,1,1,3,2,3,3,1,1-4 times,Yes,Yes,Yes,No,1-3 Hours,2,3,3,3,1,1,No,Yes,Yes,Yes,No,No,No,Yes,YouTube,5-7 Hours,1,1
2025/06/26 11:09:45 PM GMT+6,13-19,Female,Student,Single,5,5,1,5,5,5,1,1,1,More than 10 times,Yes,Yes,Yes,Yes,1-3 Hours,5,1,5,5,5,1,Yes,Yes,Yes,Yes,No,No,No,Yes,YouTube,5-7 Hours,1,5
2025/06/26 11:11:02 PM GMT+6,20-30,Male,Employed,Married,3,2,1,2,3,3,1,2,1,More than 10 times,Yes,Yes,Yes,Yes,1-3 Hours,2,1,1,3,1,2,No,No,Yes,No,No,No,No,No,YouTube,5-7 Hours,1,5
2025/06/26 11:20:26 PM GMT+6,20-30,Male,Student,In Relationship,3,1,1,1,1,1,3,1,1,1-4 times,No,Yes,Yes,No,1-3 Hours,2,2,2,1,1,1,No,Yes,Yes,No,No,No,No,No,YouTube,5-7 Hours,2,1
2025/06/26 11:29:16 PM GMT+6,20-30,Male,Student,Single,3,3,2,4,4,4,5,3,1,8-10 times,Yes,Yes,Yes,No,4-6 Hours,5,3,4,3,2,1,Yes,Yes,Yes,Yes,No,No,Yes,Yes,Facebook,5-7 Hours,1,3
2025/06/26 11:29:21 PM GMT+6,20-30,Male,Student,Single,5,5,5,5,5,5,5,5,5,More than 10 times,Yes,Yes,Yes,Yes,More than  Hours,5,4,2,3,5,5,No,Yes,No,Yes,Yes,Yes,Yes,No,Facebook;YouTube;Snapchat,3-5 Hours,5,4
2025/06/26 11:40:40 PM GMT+6,20-30,Male,Student,Single,2,1,1,2,1,4,5,1,2,More than 10 times,No,Yes,Yes,No,1-3 Hours,1,2,2,4,3,2,No,Yes,Yes,Yes,Yes,No,No,No,Facebook;Instagram;YouTube,7-9 Hours,1,3
2025/06/27 12:33:33 AM GMT+6,30-40,Male,Employed,Married,1,1,1,1,2,1,1,1,2,More than 10 times,Yes,Yes,Yes,No,1-3 Hours,1,1,1,1,2,1,Yes,Yes,Yes,Yes,No,No,No,Yes,Facebook;,5-7 Hours,2,1
2025/06/27 12:54:07 AM GMT+6,20-30,Male,Unemployed,Single,3,1,1,1,3,3,1,2,2,1-4 times,Yes,Yes,Yes,No,1-3 Hours,1,1,3,1,3,1,No,Yes,Yes,No,Yes,No,No,No,Facebook;YouTube;LinkedIn,5-7 Hours,1,1
2025/06/27 1:35:32 AM GMT+6,20-30,Male,Self-employed,Married,5,4,1,3,3,5,4,2,2,8-10 times,Yes,Yes,Yes,Yes,4-6 Hours,1,5,2,4,3,4,No,Yes,Yes,Yes,No,No,No,,Facebook;YouTube,7-9 Hours,2,4
2025/06/27 1:47:52 AM GMT+6,20-30,Male,Self-employed,Single,5,5,4,5,4,5,5,5,5,More than 10 times,Yes,Yes,Yes,Yes,7-9 Hours,5,5,5,5,5,5,Yes,Yes,No,Yes,No,No,Yes,Yes,Facebook;Instagram;YouTube;LinkedIn,5-7 Hours,4,4
2025/06/27 3:17:45 AM GMT+6,20-30,Male,Employed,Single,2,2,1,1,3,3,3,1,3,5-7 times,Yes,Yes,Yes,Yes,1-3 Hours,2,2,1,1,1,1,No,Yes,Yes,Yes,No,No,No,Yes,Instagram;LinkedIn;ResearchGate,3-5 Hours,1,1
2025/06/27 3:29:19 AM GMT+6,20-30,Female,Student,In Relationship,5,5,3,4,5,5,5,1,1,More than 10 times,Yes,Yes,No,No,7-9 Hours,5,5,5,5,5,3,Yes,Yes,No,Yes,No,No,No,Yes,Facebook;Instagram;Chat gpt,3-5 Hours,2,5
2025/06/27 4:04:14 AM GMT+6,30-40,Male,Employed,Married,5,1,1,1,1,1,2,1,1,More than 10 times,Yes,Yes,Yes,No,More than  Hours,2,3,1,1,1,1,No,No,Yes,No,No,No,Yes,No,Facebook;Instagram;YouTube;LinkedIn;Twitter ,5-7 Hours,1,1
2025/06/27 4:20:43 AM GMT+6,20-30,Female,Student,In Relationship,3,3,1,1,3,5,2,1,2,5-7 times,Yes,Yes,No,Yes,4-6 Hours,3,3,2,3,5,5,No,Yes,No,Yes,No,No,No,Yes,Facebook;YouTube,5-7 Hours,2,4
2025/06/27 5:04:00 AM GMT+6,30-40,Male,Employed,Married,3,2,2,5,2,2,2,5,3,More than 10 times,Yes,Yes,Yes,No,4-6 Hours,2,2,2,4,2,2,Yes,Yes,No,Yes,No,No,No,Yes,Facebook,5-7 Hours,4,3
2025/06/27 5:07:17 AM GMT+6,20-30,Male,Employed,Single,5,3,2,2,4,4,4,2,3,More than 10 times,Yes,Yes,Yes,No,1-3 Hours,3,3,3,3,3,2,Yes,Yes,Yes,Yes,Yes,No,Yes,,Facebook;YouTube,5-7 Hours,3,3
2025/06/27 7:32:48 AM GMT+6,20-30,Male,Student,In Relationship,5,5,5,3,4,5,5,1,1,More than 10 times,Yes,Yes,Yes,No,4-6 Hours,1,4,3,5,1,3,No,No,No,Yes,No,No,Yes,Yes,Facebook,7-9 Hours,1,3
2025/06/27 11:16:08 AM GMT+6,20-30,Male,Student,Single,5,3,2,1,5,3,3,2,2,More than 10 times,Yes,Yes,Yes,Yes,1-3 Hours,5,4,3,5,2,2,Yes,Yes,No,Yes,Yes,Yes,No,Yes,Facebook;YouTube,5-7 Hours,1,4
2025/06/27 11:41:33 AM GMT+6,20-30,Female,Employed,Married,4,3,1,1,5,4,4,1,1,More than 10 times,Yes,Yes,Yes,No,1-3 Hours,3,2,3,4,4,1,No,Yes,No,Yes,No,No,No,,Facebook;Instagram;LinkedIn,5-7 Hours,3,1
2025/06/27 12:36:57 PM GMT+6,30-40,Male,Employed,Married,5,3,3,1,5,5,4,5,5,More than 10 times,Yes,Yes,Yes,Yes,7-9 Hours,3,5,5,4,5,4,No,Yes,No,Yes,No,No,No,,Facebook,5-7 Hours,4,3
2025/06/27 2:10:13 PM GMT+6,20-30,Male,Employed,In Relationship,2,2,1,1,1,2,1,1,1,1-4 times,Yes,No,Yes,No,1-3 Hours,2,2,5,1,2,3,Yes,Yes,Yes,Yes,Yes,No,No,No,Facebook;Instagram;YouTube,7-9 Hours,1,1
2025/06/27 2:27:32 PM GMT+6,20-30,Male,Unemployed,Single,4,2,3,1,2,4,3,1,1,1-4 times,Yes,Yes,Yes,No,4-6 Hours,1,2,2,2,3,1,No,No,Yes,No,No,No,No,No,Facebook;YouTube,5-7 Hours,2,3
2025/06/27 4:38:29 PM GMT+6,20-30,Male,Employed,Married,5,3,3,2,1,2,3,2,1,More than 10 times,Yes,Yes,Yes,Yes,1-3 Hours,1,1,1,5,3,1,Yes,Yes,Yes,Yes,Yes,Yes,Yes,Yes,Facebook,1-3 Hours,1,1
2025/06/27 5:04:48 PM GMT+6,20-30,Male,Employed,In Relationship,2,2,3,4,4,2,2,3,3,1-4 times,Yes,Yes,Yes,Yes,1-3 Hours,2,2,2,3,2,2,Yes,Yes,Yes,No,No,Yes,Yes,No,Facebook;Instagram;YouTube;LinkedIn,5-7 Hours,2,2
2025/06/27 6:00:18 PM GMT+6,30-40,Male,Employed,Married,5,5,2,1,1,4,4,1,1,More than 10 times,Yes,Yes,Yes,No,4-6 Hours,1,1,1,1,1,1,No,Yes,Yes,No,No,No,No,No,YouTube,7-9 Hours,3,1
2025/06/27 6:22:55 PM GMT+6,20-30,Male,Student,Single,4,3,2,2,3,3,2,1,1,5-7 times,Yes,Yes,Yes,No,1-3 Hours,2,3,3,3,3,3,Yes,Yes,Yes,Yes,No,No,No,Yes,YouTube;Twitter,5-7 Hours,2,3
2025/06/27 8:07:39 PM GMT+6,20-30,Male,Student,Single,1,1,1,4,1,1,1,1,1,1-4 times,Yes,No,Yes,No,1-3 Hours,5,5,5,1,3,1,Yes,Yes,Yes,Yes,No,No,No,No,Facebook;Instagram;YouTube;LinkedIn,7-9 Hours,1,1
2025/06/27 8:08:44 PM GMT+6,20-30,Female,Student,Single,3,2,1,1,3,2,1,1,2,5-7 times,Yes,Yes,Yes,No,1-3 Hours,3,2,2,2,3,1,No,Yes,Yes,No,No,Yes,No,Yes,Facebook,5-7 Hours,1,2
2025/06/27 8:15:22 PM GMT+6,20-30,Male,Employed,Married,3,1,1,1,2,1,1,1,1,1-4 times,Yes,Yes,No,No,1-3 Hours,2,2,1,1,1,1,No,Yes,Yes,No,No,No,No,,YouTube,5-7 Hours,1,1
2025/06/27 8:18:06 PM GMT+6,40-60,Male,Employed,Married,3,2,2,2,2,2,3,1,1,More than 10 times,Yes,Yes,Yes,No,1-3 Hours,2,1,2,1,2,2,No,Yes,Yes,No,No,No,No,No,Facebook;YouTube,3-5 Hours,1,1
2025/06/27 8:21:44 PM GMT+6,20-30,Male,Student,Single,4,4,3,1,2,3,4,1,2,8-10 times,Yes,Yes,Yes,No,7-9 Hours,3,1,1,2,3,1,No,Yes,Yes,Yes,No,No,Yes,Yes,Facebook,5-7 Hours,1,2
2025/06/27 8:24:21 PM GMT+6,20-30,Male,Student,Single,2,3,2,3,5,5,5,3,5,More than 10 times,Yes,Yes,Yes,No,7-9 Hours,4,3,5,5,5,3,Yes,Yes,Yes,Yes,No,No,Yes,Yes,Facebook,3-5 Hours,2,2
2025/06/27 8:27:09 PM GMT+6,20-30,Female,Student,Married,4,3,1,3,2,5,3,1,1,5-7 times,Yes,Yes,Yes,No,4-6 Hours,2,2,1,1,5,5,No,Yes,Yes,No,No,No,No,Yes,Facebook;Instagram;YouTube;LinkedIn,5-7 Hours,1,1
2025/06/27 8:28:13 PM GMT+6,20-30,Male,Unemployed,In Relationship,3,3,2,1,3,3,1,1,1,5-7 times,Yes,Yes,Yes,Yes,4-6 Hours,3,1,1,3,5,1,No,Yes,Yes,No,No,No,Yes,No,Facebook,7-9 Hours,2,2
2025/06/27 8:30:37 PM GMT+6,60 +,Male,Retired,Married,5,3,3,2,2,3,2,1,3,5-7 times,Yes,Yes,Yes,No,1-3 Hours,1,2,2,2,3,1,No,Yes,Yes,No,No,No,No,Yes,Facebook;Instagram,3-5 Hours,5,3
2025/06/27 8:31:04 PM GMT+6,20-30,Male,Student,In Relationship,5,5,5,3,5,5,5,3,5,More than 10 times,Yes,Yes,Yes,Yes,7-9 Hours,3,4,3,5,5,5,Yes,Yes,No,Yes,No,No,Yes,Yes,Facebook;Instagram;YouTube,5-7 Hours,4,3
2025/06/27 8:34:51 PM GMT+6,20-30,Male,Student,Married,3,2,1,1,3,3,4,1,1,8-10 times,Yes,Yes,Yes,Yes,1-3 Hours,2,2,1,4,1,1,No,Yes,Yes,No,No,No,Yes,Yes,Facebook;YouTube,5-7 Hours,1,2
2025/06/27 8:40:46 PM GMT+6,20-30,Female,Student,Complicated,4,5,1,1,1,5,5,5,1,More than 10 times,Yes,Yes,Yes,No,7-9 Hours,5,4,5,5,5,3,Yes,Yes,No,Yes,Yes,Yes,No,Yes,"Facebook;YouTube;messenger,What's app ",3-5 Hours,5,5
2025/06/27 8:45:54 PM GMT+6,20-30,Male,Student,Single,4,2,1,5,3,4,5,1,1,More than 10 times,Yes,Yes,Yes,No,7-9 Hours,5,3,5,2,1,5,Yes,No,Yes,No,Yes,No,No,No,Facebook,More than 9 Hours,2,1
2025/06/27 8:46:28 PM GMT+6,30-40,Male,Employed,Married,3,4,1,1,2,3,2,2,2,5-7 times,No,Yes,Yes,No,1-3 Hours,1,1,1,2,3,1,No,Yes,Yes,No,No,No,No,,Facebook;LinkedIn,5-7 Hours,3,3
2025/06/27 8:53:04 PM GMT+6,20-30,Male,Employed,Married,3,3,3,3,4,4,2,3,3,8-10 times,Yes,Yes,Yes,Yes,1-3 Hours,3,2,2,2,2,2,No,Yes,Yes,Yes,No,No,Yes,No,Facebook;YouTube;LinkedIn,5-7 Hours,2,2
2025/06/27 9:08:55 PM GMT+6,13-19,Male,Student,In Relationship,5,5,5,4,5,5,5,3,5,More than 10 times,Yes,No,Yes,Yes,7-9 Hours,4,5,5,4,5,5,Yes,No,No,Yes,Yes,No,Yes,Yes,Facebook;Instagram,5-7 Hours,3,4
2025/06/27 9:27:04 PM GMT+6,30-40,Male,Employed,In Relationship,4,3,2,4,4,3,2,1,2,More than 10 times,Yes,Yes,Yes,No,4-6 Hours,4,3,4,2,4,3,Yes,Yes,No,Yes,No,No,Yes,No,Facebook;Instagram;YouTube;LinkedIn,5-7 Hours,1,3
2025/06/27 9:37:42 PM GMT+6,20-30,Female,Student,Single,5,2,1,1,1,5,4,1,1,5-7 times,No,Yes,Yes,No,1-3 Hours,4,2,3,4,5,1,Yes,Yes,Yes,No,No,No,Yes,Yes,Facebook,7-9 Hours,1,1
2025/06/27 9:43:24 PM GMT+6,20-30,Male,Student,In Relationship,4,2,2,5,4,3,5,1,1,1-4 times,No,Yes,Yes,No,1-3 Hours,5,1,3,1,3,1,Yes,Yes,No,Yes,Yes,No,No,Yes,Facebook;YouTube,7-9 Hours,1,3
2025/06/27 10:02:29 PM GMT+6,20-30,Male,Student,Single,4,3,1,1,3,2,1,1,1,5-7 times,Yes,Yes,Yes,No,4-6 Hours,2,1,1,1,3,3,No,Yes,Yes,No,No,No,Yes,Yes,Facebook;YouTube;LinkedIn;Online Games ,5-7 Hours,1,2
2025/06/27 10:08:11 PM GMT+6,20-30,Male,Student,Single,2,2,2,1,1,5,2,1,1,5-7 times,Yes,Yes,No,Yes,1-3 Hours,1,1,1,3,3,2,No,Yes,Yes,No,No,No,No,Yes,Facebook,3-5 Hours,2,4
2025/06/27 10:16:06 PM GMT+6,20-30,Male,Student,Single,3,3,1,1,2,4,3,3,1,More than 10 times,Yes,No,Yes,No,1-3 Hours,1,1,1,5,4,1,No,Yes,No,Yes,No,No,Yes,Yes,Facebook;YouTube,5-7 Hours,2,3
2025/06/27 10:22:10 PM GMT+6,40-60,Male,Employed,Married,4,3,3,3,3,3,4,3,2,8-10 times,Yes,No,Yes,No,1-3 Hours,3,3,2,3,1,1,No,Yes,No,Yes,No,Yes,Yes,No,Facebook;YouTube;LinkedIn,5-7 Hours,2,1
2025/06/27 10:24:27 PM GMT+6,20-30,Female,Student,Married,5,5,1,5,5,5,5,3,2,More than 10 times,Yes,Yes,Yes,Yes,4-6 Hours,5,5,5,5,5,5,Yes,Yes,Yes,Yes,No,No,Yes,Yes,Facebook,7-9 Hours,3,5
2025/06/27 10:29:25 PM GMT+6,40-60,Male,Employed,Married,3,3,2,1,2,3,2,1,4,5-7 times,Yes,Yes,Yes,Yes,1-3 Hours,4,3,3,4,3,3,Yes,No,No,Yes,Yes,Yes,Yes,Yes,Facebook,5-7 Hours,4,3
2025/06/27 10:38:34 PM GMT+6,20-30,Male,Student,Single,4,3,1,1,4,2,3,1,2,5-7 times,Yes,Yes,Yes,No,1-3 Hours,1,3,2,5,3,1,No,Yes,Yes,Yes,Yes,No,Yes,,Facebook;YouTube;LinkedIn,5-7 Hours,1,3
2025/06/27 10:38:47 PM GMT+6,20-30,Male,Student,Single,5,3,5,4,5,5,5,1,2,More than 10 times,Yes,Yes,Yes,Yes,4-6 Hours,5,2,3,5,3,3,No,Yes,Yes,No,No,No,Yes,No,Facebook;YouTube;LinkedIn,7-9 Hours,1,3
2025/06/27 10:53:30 PM GMT+6,20-30,Female,Student,Single,5,4,3,4,5,5,5,1,2,1-4 times,Yes,Yes,Yes,Yes,7-9 Hours,4,3,2,5,4,3,Yes,Yes,No,Yes,No,No,Yes,Yes,Facebook;Instagram;YouTube,7-9 Hours,1,5
2025/06/27 11:01:07 PM GMT+6,20-30,Male,Employed,Single,5,4,2,1,3,5,4,1,2,8-10 times,Yes,No,Yes,No,4-6 Hours,2,3,2,5,4,2,No,Yes,Yes,Yes,No,No,Yes,Yes,Facebook;Instagram;Tiktok;YouTube,3-5 Hours,1,5
2025/06/27 11:13:53 PM GMT+6,40-60,Male,Employed,Married,5,5,3,3,4,2,4,4,3,8-10 times,Yes,Yes,Yes,No,1-3 Hours,2,3,3,3,4,2,Yes,Yes,Yes,Yes,No,No,Yes,,Facebook;YouTube,5-7 Hours,2,2
2025/06/27 11:22:07 PM GMT+6,20-30,Male,Employed,Married,4,2,1,1,4,2,3,5,1,8-10 times,Yes,Yes,No,Yes,1-3 Hours,1,1,1,3,2,1,No,No,Yes,Yes,No,No,No,No,Facebook;Instagram;Tiktok;YouTube;LinkedIn,5-7 Hours,2,2
2025/06/27 11:32:42 PM GMT+6,20-30,Male,Employed,Single,4,4,3,2,3,3,3,2,2,8-10 times,Yes,Yes,Yes,No,1-3 Hours,2,2,3,3,3,1,Yes,No,Yes,No,No,No,Yes,,Facebook;YouTube;LinkedIn,5-7 Hours,1,3
2025/06/28 12:34:29 AM GMT+6,20-30,Female,Student,Single,5,4,3,3,3,4,5,1,5,More than 10 times,Yes,Yes,Yes,No,4-6 Hours,5,5,5,5,5,4,No,Yes,No,Yes,No,No,Yes,Yes,"Facebook;Instagram;YouTube;WhatsApp , Messenger ",5-7 Hours,1,4
2025/06/28 1:10:24 AM GMT+6,20-30,Male,Employed,Married,3,2,1,2,3,3,2,1,1,5-7 times,No,Yes,Yes,No,1-3 Hours,2,3,2,2,3,1,No,Yes,Yes,No,No,Yes,No,No,YouTube,5-7 Hours,2,2
2025/06/28 1:12:29 AM GMT+6,20-30,Male,Student,Married,5,3,3,1,5,4,5,5,5,More than 10 times,Yes,Yes,Yes,No,7-9 Hours,5,5,5,5,5,5,Yes,No,No,Yes,Yes,Yes,Yes,Yes,Facebook;YouTube,7-9 Hours,5,5
2025/06/28 2:01:12 AM GMT+6,20-30,Female,Unemployed,Married,2,1,3,4,1,1,4,1,1,More than 10 times,Yes,Yes,Yes,No,1-3 Hours,4,5,3,1,1,1,Yes,No,Yes,Yes,No,No,No,No,Facebook,1-3 Hours,2,1
2025/06/28 7:32:13 AM GMT+6,20-30,Female,Student,Married,3,2,2,1,3,3,2,3,1,8-10 times,Yes,Yes,Yes,No,4-6 Hours,3,3,3,3,2,2,Yes,Yes,Yes,Yes,No,No,No,Yes,Facebook;YouTube,3-5 Hours,1,3
2025/06/28 7:37:29 AM GMT+6,20-30,Female,Student,Married,1,1,1,1,1,1,1,1,1,1-4 times,No,No,No,No,0 Hours,2,1,1,1,1,1,No,Yes,Yes,No,No,No,No,Yes,YouTube,5-7 Hours,1,1
2025/06/28 9:38:48 AM GMT+6,20-30,Male,Employed,Married,4,4,4,3,5,4,4,1,3,More than 10 times,Yes,Yes,Yes,Yes,4-6 Hours,4,3,3,3,3,3,Yes,Yes,No,Yes,No,No,Yes,Yes,Facebook;YouTube,5-7 Hours,2,2
2025/06/28 11:21:57 AM GMT+6,30-40,Male,Employed,Married,4,2,2,5,2,3,2,1,3,1-4 times,Yes,Yes,No,No,0-1 Hours,2,2,2,2,3,2,No,Yes,Yes,Yes,No,No,Yes,No,YouTube,5-7 Hours,2,3
2025/06/28 11:25:15 AM GMT+6,30-40,Male,Self-employed,Married,3,1,1,1,3,1,4,3,1,8-10 times,Yes,Yes,Yes,No,1-3 Hours,1,2,1,1,1,1,No,Yes,Yes,No,No,No,Yes,No,Facebook;Instagram,7-9 Hours,2,2
2025/06/28 11:49:35 AM GMT+6,20-30,Male,Employed,Single,4,1,1,1,1,1,1,1,1,5-7 times,Yes,Yes,Yes,No,0-1 Hours,5,1,1,3,1,3,No,Yes,Yes,No,No,No,No,No,Facebook;YouTube,3-5 Hours,1,1
2025/06/28 1:11:17 PM GMT+6,0 - 12,Male,Employed,Single,5,5,5,5,5,5,5,5,5,More than 10 times,Yes,Yes,Yes,No,4-6 Hours,4,2,3,4,5,3,Yes,Yes,Yes,Yes,Yes,No,No,No,Facebook;Chrome browser movie dekha ,5-7 Hours,5,4
2025/06/28 1:48:32 PM GMT+6,20-30,Female,Student,Single,2,3,2,1,3,4,2,1,1,1-4 times,No,Yes,Yes,No,4-6 Hours,3,3,3,4,4,2,Yes,No,No,Yes,No,No,No,Yes,YouTube,3-5 Hours,3,3
2025/06/28 5:45:56 PM GMT+6,20-30,Female,Unemployed,Married,2,2,1,1,1,1,1,1,1,1-4 times,No,Yes,Yes,No,0-1 Hours,2,1,1,1,1,1,No,Yes,Yes,No,No,No,No,,YouTube;LinkedIn,5-7 Hours,1,2
2025/06/28 9:32:50 PM GMT+6,20-30,Male,Employed,Single,4,4,2,3,2,3,5,1,1,More than 10 times,Yes,No,Yes,No,1-3 Hours,2,1,1,1,1,2,Yes,Yes,Yes,Yes,No,No,Yes,,Facebook;YouTube,7-9 Hours,1,4
2025/06/28 11:29:51 PM GMT+6,30-40,Male,Employed,Married,2,2,3,4,3,1,3,5,1,1-4 times,Yes,No,No,No,0-1 Hours,3,2,5,2,5,2,Yes,Yes,Yes,Yes,Yes,Yes,Yes,No,Facebook;YouTube;LinkedIn,5-7 Hours,3,1
2025/06/29 12:20:21 AM GMT+6,20-30,Male,Student,Single,3,4,3,3,3,3,2,1,1,5-7 times,Yes,Yes,Yes,No,1-3 Hours,3,3,3,4,3,1,No,Yes,Yes,Yes,No,No,No,Yes,Facebook;YouTube;LinkedIn,5-7 Hours,1,3
2025/06/29 12:24:41 AM GMT+6,20-30,Male,Student,In Relationship,2,2,2,1,1,2,1,1,1,5-7 times,Yes,Yes,Yes,No,1-3 Hours,1,1,1,1,2,1,No,Yes,Yes,No,No,No,Yes,Yes,Facebook;Instagram;YouTube,7-9 Hours,2,2
2025/06/29 12:25:00 AM GMT+6,20-30,Male,Student,Single,5,5,3,3,5,5,4,1,1,More than 10 times,Yes,Yes,Yes,No,4-6 Hours,5,5,5,5,5,5,Yes,No,No,Yes,No,No,Yes,Yes,Facebook;YouTube,5-7 Hours,1,5
2025/06/29 1:09:36 AM GMT+6,20-30,Female,Student,Married,5,4,3,3,4,4,5,5,3,More than 10 times,Yes,Yes,Yes,No,More than  Hours,3,3,3,4,4,3,Yes,Yes,Yes,Yes,No,No,Yes,Yes,Facebook;YouTube,More than 9 Hours,4,5
2025/06/29 1:21:09 AM GMT+6,20-30,Female,Student,Single,4,3,2,2,4,3,4,1,1,More than 10 times,Yes,Yes,Yes,No,More than  Hours,3,2,2,3,1,1,No,Yes,No,No,No,No,No,Yes,Facebook;Instagram;Tiktok,5-7 Hours,1,3
2025/06/29 1:46:32 AM GMT+6,20-30,Male,Student,Single,5,3,1,2,1,5,3,1,1,More than 10 times,Yes,No,Yes,No,4-6 Hours,5,5,5,5,5,5,Yes,Yes,Yes,No,No,No,Yes,Yes,Facebook;Instagram;YouTube;LinkedIn,5-7 Hours,1,1
2025/06/29 5:48:14 AM GMT+6,20-30,Male,Student,Single,5,5,3,5,5,5,4,1,2,More than 10 times,Yes,Yes,Yes,Yes,7-9 Hours,5,5,5,5,5,5,Yes,No,No,Yes,Yes,Yes,No,Yes,Facebook;YouTube,5-7 Hours,3,1
2025/06/29 12:17:25 PM GMT+6,20-30,Female,Student,In Relationship,2,2,1,1,2,3,1,1,2,1-4 times,No,Yes,Yes,No,0-1 Hours,2,2,3,1,3,3,No,Yes,Yes,Yes,No,Yes,No,No,YouTube,5-7 Hours,2,2
2025/06/29 12:20:00 PM GMT+6,20-30,Female,Student,Married,1,2,1,2,1,2,2,2,1,0 time,No,No,Yes,No,0-1 Hours,2,2,1,1,3,1,No,Yes,Yes,No,No,No,No,Yes,YouTube,5-7 Hours,1,2
2025/06/29 12:20:46 PM GMT+6,20-30,Male,Student,Single,3,2,2,2,2,2,2,1,2,8-10 times,Yes,Yes,Yes,Yes,1-3 Hours,3,2,3,3,2,3,Yes,No,No,Yes,Yes,No,Yes,Yes,Facebook;Instagram;YouTube,7-9 Hours,2,3
2025/06/29 12:21:23 PM GMT+6,20-30,Female,Student,Single,3,2,3,1,4,1,3,1,3,More than 10 times,Yes,Yes,Yes,Yes,4-6 Hours,1,1,1,1,3,2,No,No,No,Yes,No,No,Yes,Yes,Facebook,5-7 Hours,2,3
2025/06/29 12:22:08 PM GMT+6,20-30,Male,Student,Single,5,4,4,4,3,5,5,4,2,More than 10 times,Yes,Yes,Yes,No,4-6 Hours,5,5,5,5,5,4,Yes,Yes,No,Yes,Yes,No,Yes,Yes,Facebook;Instagram,3-5 Hours,3,4
2025/06/29 3:08:33 PM GMT+6,20-30,Male,Student,Single,5,5,5,4,5,5,5,1,1,More than 10 times,Yes,Yes,Yes,No,More than  Hours,5,4,5,5,5,1,Yes,No,No,Yes,Yes,No,Yes,Yes,Facebook;YouTube,3-5 Hours,1,5
2025/06/29 3:12:14 PM GMT+6,20-30,Female,Student,Single,3,1,1,2,1,2,3,1,1,5-7 times,No,Yes,Yes,Yes,1-3 Hours,1,1,2,2,2,1,No,Yes,Yes,No,No,No,No,,Facebook,7-9 Hours,1,2
2025/06/29 3:32:04 PM GMT+6,13-19,Female,Student,Single,2,2,5,3,4,4,2,5,2,More than 10 times,Yes,Yes,Yes,No,4-6 Hours,2,2,2,2,4,1,No,Yes,No,No,No,No,Yes,No,Facebook,5-7 Hours,1,3
2025/06/29 3:33:59 PM GMT+6,20-30,Male,Student,Single,3,3,2,2,2,3,3,3,3,More than 10 times,Yes,No,Yes,Yes,1-3 Hours,1,1,1,1,1,2,No,No,Yes,No,No,No,No,Yes,Facebook,3-5 Hours,2,2
2025/06/29 3:37:20 PM GMT+6,20-30,Female,Student,In Relationship,5,5,5,1,5,5,5,1,1,More than 10 times,Yes,Yes,Yes,No,7-9 Hours,5,5,5,5,5,5,No,No,Yes,No,No,No,Yes,Yes,Facebook,7-9 Hours,2,1
2025/06/29 3:40:37 PM GMT+6,20-30,Male,Student,Single,3,3,1,3,1,1,1,3,3,1-4 times,Yes,Yes,Yes,Yes,4-6 Hours,3,2,3,3,3,3,No,Yes,No,Yes,No,No,No,Yes,Instagram,5-7 Hours,3,5
2025/06/29 4:08:51 PM GMT+6,20-30,Male,Employed,Married,2,2,1,1,1,1,1,1,1,1-4 times,Yes,Yes,No,No,0-1 Hours,2,4,1,1,1,1,No,Yes,Yes,No,No,No,No,,Facebook,3-5 Hours,1,1
2025/06/29 4:15:45 PM GMT+6,20-30,Male,Student,Single,3,4,3,1,1,3,2,1,1,1-4 times,Yes,Yes,Yes,No,0-1 Hours,2,3,1,2,2,1,No,Yes,No,No,No,No,No,Yes,Facebook;YouTube,5-7 Hours,2,2
2025/06/29 4:21:36 PM GMT+6,20-30,Male,Student,Single,2,1,1,2,1,1,1,1,2,1-4 times,No,Yes,Yes,No,0 Hours,1,1,1,1,2,1,No,Yes,Yes,No,Yes,Yes,No,Yes,YouTube,5-7 Hours,1,1
2025/06/29 4:25:48 PM GMT+6,20-30,Male,Student,Single,3,1,1,2,1,2,1,2,1,5-7 times,Yes,Yes,No,Yes,1-3 Hours,1,1,2,1,1,1,No,Yes,Yes,No,No,No,Yes,No,Facebook;YouTube,5-7 Hours,1,2
2025/06/29 5:00:35 PM GMT+6,20-30,Male,Student,Single,5,2,2,5,3,2,3,3,5,More than 10 times,Yes,Yes,No,Yes,4-6 Hours,2,2,4,4,5,5,Yes,Yes,No,Yes,No,No,Yes,Yes,Facebook;YouTube,5-7 Hours,2,5
2025/06/29 7:00:36 PM GMT+6,20-30,Male,Employed,Married,5,3,3,5,5,5,5,4,1,1-4 times,Yes,Yes,No,No,1-3 Hours,3,2,1,5,2,1,Yes,No,No,Yes,No,No,No,Yes,YouTube,5-7 Hours,5,5
2025/06/29 7:39:35 PM GMT+6,20-30,Male,Student,Single,5,4,3,1,5,3,4,3,4,More than 10 times,Yes,Yes,Yes,Yes,4-6 Hours,3,3,2,3,4,1,Yes,Yes,No,Yes,No,No,Yes,Yes,Facebook,3-5 Hours,1,3
2025/06/29 7:54:55 PM GMT+6,20-30,Male,Student,Single,3,2,1,1,1,1,3,1,1,More than 10 times,Yes,No,Yes,No,4-6 Hours,1,3,1,1,1,1,No,Yes,Yes,No,No,No,Yes,No,Facebook;YouTube,5-7 Hours,1,4
2025/06/29 8:07:55 PM GMT+6,20-30,Male,Student,Single,1,5,1,1,5,3,1,1,2,1-4 times,Yes,Yes,Yes,No,0-1 Hours,3,1,2,2,1,1,No,Yes,Yes,No,No,No,No,Yes,Facebook,5-7 Hours,3,3
2025/06/29 8:32:21 PM GMT+6,20-30,Male,Student,Single,5,4,4,5,4,4,4,4,4,8-10 times,Yes,Yes,Yes,Yes,4-6 Hours,3,2,4,4,4,4,Yes,Yes,Yes,Yes,Yes,Yes,Yes,,Facebook;YouTube,5-7 Hours,3,4
2025/06/29 8:46:15 PM GMT+6,20-30,Male,Student,Single,3,1,1,1,1,1,1,1,1,1-4 times,Yes,Yes,Yes,No,1-3 Hours,2,2,1,2,1,1,No,Yes,Yes,No,No,No,No,Yes,Facebook,5-7 Hours,1,2
2025/06/29 9:57:01 PM GMT+6,20-30,Male,Student,Single,3,3,3,4,4,3,1,1,1,5-7 times,Yes,Yes,Yes,No,1-3 Hours,3,3,4,3,3,2,No,No,No,Yes,No,No,No,Yes,Facebook;YouTube,5-7 Hours,2,3
2025/06/29 10:25:46 PM GMT+6,20-30,Female,Student,Single,5,4,5,5,5,5,5,1,1,0 time,Yes,Yes,Yes,No,7-9 Hours,1,4,1,5,4,3,No,Yes,No,No,No,No,Yes,Yes,Facebook;YouTube,5-7 Hours,4,5
2025/06/30 12:33:01 AM GMT+6,20-30,Female,Student,Single,4,3,3,5,4,4,3,1,2,8-10 times,Yes,Yes,Yes,No,4-6 Hours,4,5,4,4,3,4,Yes,Yes,Yes,Yes,No,No,Yes,Yes,Facebook;Instagram;YouTube;LinkedIn,5-7 Hours,1,3
2025/06/30 8:08:47 AM GMT+6,20-30,Female,Student,Single,4,3,3,2,3,4,3,3,3,More than 10 times,Yes,Yes,Yes,Yes,4-6 Hours,4,3,3,3,4,4,Yes,Yes,No,Yes,Yes,No,Yes,Yes,Facebook,5-7 Hours,3,3
2025/06/30 4:18:38 PM GMT+6,20-30,Male,Student,Single,5,4,4,4,5,5,5,1,4,More than 10 times,Yes,Yes,Yes,Yes,4-6 Hours,4,2,4,4,4,3,Yes,Yes,No,Yes,No,No,Yes,Yes,Facebook;Instagram,7-9 Hours,5,5
2025/06/30 7:17:59 PM GMT+6,20-30,Female,Student,Single,3,1,1,2,1,2,2,1,1,5-7 times,Yes,Yes,No,No,4-6 Hours,2,2,2,2,2,2,No,No,Yes,No,No,No,No,Yes,Facebook,5-7 Hours,2,2
2025/06/30 7:31:35 PM GMT+6,20-30,Female,Student,In Relationship,4,3,2,5,5,5,3,1,3,More than 10 times,Yes,Yes,Yes,Yes,1-3 Hours,3,3,3,5,5,3,Yes,Yes,No,Yes,Yes,Yes,No,Yes,Facebook;YouTube;LinkedIn,3-5 Hours,1,3
2025/07/01 1:25:50 AM GMT+6,20-30,Male,Student,Single,3,3,1,2,5,4,4,1,1,More than 10 times,Yes,No,No,No,1-3 Hours,3,2,1,3,5,1,No,No,Yes,No,No,No,No,Yes,Facebook,5-7 Hours,1,2
2025/07/01 6:41:50 AM GMT+6,20-30,Male,Student,Complicated,4,2,3,3,5,5,3,3,1,8-10 times,Yes,Yes,Yes,No,4-6 Hours,5,3,5,4,5,2,Yes,Yes,No,Yes,No,No,No,Yes,Facebook;YouTube,3-5 Hours,2,4
2025/07/01 7:35:43 AM GMT+6,40-60,Male,Employed,Married,5,4,2,1,5,2,4,1,1,1-4 times,Yes,Yes,Yes,No,4-6 Hours,2,1,1,2,2,1,No,Yes,Yes,No,No,No,Yes,,Facebook,5-7 Hours,2,2
2025/07/01 10:51:07 AM GMT+6,20-30,Female,Student,Single,3,3,1,4,2,5,2,1,1,8-10 times,Yes,Yes,No,No,1-3 Hours,2,1,1,4,1,1,No,Yes,Yes,No,No,No,No,Yes,Facebook;Instagram,5-7 Hours,1,2
2025/07/01 10:52:29 AM GMT+6,20-30,Male,Student,Single,4,3,3,4,3,1,2,1,1,More than 10 times,Yes,Yes,Yes,No,7-9 Hours,1,1,1,1,1,1,No,Yes,Yes,No,No,No,Yes,Yes,Facebook,3-5 Hours,4,3
2025/07/01 10:53:46 AM GMT+6,20-30,Male,Student,Complicated,5,4,4,4,5,4,4,1,4,More than 10 times,Yes,Yes,Yes,Yes,7-9 Hours,2,2,3,3,4,4,Yes,Yes,No,Yes,No,No,Yes,Yes,Facebook;YouTube,5-7 Hours,3,2
2025/07/01 10:55:31 AM GMT+6,20-30,Male,Student,Single,2,1,2,1,2,2,1,1,1,5-7 times,No,Yes,Yes,No,1-3 Hours,2,1,3,2,1,1,No,Yes,Yes,No,No,No,No,Yes,Facebook,5-7 Hours,1,1
2025/07/01 11:37:56 AM GMT+6,20-30,Female,Student,Single,5,2,2,3,5,4,3,2,5,1-4 times,Yes,Yes,Yes,Yes,1-3 Hours,5,5,5,3,4,2,Yes,No,No,Yes,No,No,Yes,Yes,Facebook;Instagram,5-7 Hours,4,5
2025/07/01 11:53:47 AM GMT+6,20-30,Male,Student,Single,4,4,3,3,4,3,4,2,1,5-7 times,Yes,Yes,Yes,No,4-6 Hours,3,3,3,3,4,2,Yes,Yes,No,Yes,No,No,Yes,Yes,Facebook;YouTube;LinkedIn,5-7 Hours,3,4
2025/07/01 11:54:00 AM GMT+6,20-30,Male,Student,Single,5,3,2,3,1,4,2,1,1,More than 10 times,Yes,Yes,Yes,No,4-6 Hours,5,5,5,4,5,5,Yes,Yes,No,Yes,Yes,No,No,Yes,Facebook;Instagram;YouTube;Discord ,3-5 Hours,1,3
2025/07/01 11:54:19 AM GMT+6,20-30,Male,Student,Single,3,2,2,2,2,3,2,2,2,5-7 times,Yes,Yes,Yes,Yes,1-3 Hours,3,3,3,3,3,3,Yes,Yes,Yes,Yes,No,No,Yes,Yes,Facebook;YouTube;LinkedIn,5-7 Hours,1,3
2025/07/01 11:54:57 AM GMT+6,20-30,Male,Student,Single,4,3,2,3,4,3,4,2,2,8-10 times,Yes,Yes,Yes,Yes,1-3 Hours,2,3,2,4,2,3,Yes,No,No,Yes,No,No,Yes,Yes,Facebook;Instagram;YouTube;LinkedIn,5-7 Hours,2,3
2025/07/01 11:55:04 AM GMT+6,20-30,Male,Student,Single,2,1,1,1,1,1,1,1,1,1-4 times,Yes,Yes,No,No,0 Hours,2,2,2,1,1,1,No,Yes,Yes,Yes,No,No,No,No,YouTube,3-5 Hours,1,1
2025/07/01 11:56:46 AM GMT+6,20-30,Male,Student,Single,3,2,1,2,3,3,2,1,2,More than 10 times,Yes,Yes,Yes,Yes,1-3 Hours,2,2,2,2,1,1,No,Yes,Yes,No,No,Yes,Yes,Yes,Facebook;Instagram;YouTube,5-7 Hours,1,4
2025/07/01 11:57:07 AM GMT+6,20-30,Male,Student,Complicated,5,2,4,1,5,5,4,1,3,More than 10 times,Yes,Yes,Yes,Yes,More than  Hours,5,5,5,5,5,5,Yes,No,No,Yes,Yes,No,No,Yes,Facebook,3-5 Hours,2,1
2025/07/01 11:57:12 AM GMT+6,20-30,Female,Student,Single,5,4,4,5,3,4,4,2,2,8-10 times,Yes,Yes,Yes,No,1-3 Hours,4,4,4,4,5,3,Yes,No,No,Yes,No,No,Yes,Yes,Facebook;YouTube,5-7 Hours,2,2
2025/07/01 11:57:28 AM GMT+6,20-30,Male,Student,Single,3,2,3,2,5,4,3,3,1,1-4 times,Yes,Yes,Yes,Yes,4-6 Hours,3,2,2,3,2,2,No,Yes,Yes,Yes,No,No,Yes,Yes,Facebook;YouTube,7-9 Hours,1,3
2025/07/01 11:57:38 AM GMT+6,20-30,Male,Student,Single,5,4,3,2,3,3,4,2,1,5-7 times,Yes,Yes,Yes,Yes,1-3 Hours,3,3,2,2,3,4,Yes,Yes,No,No,Yes,Yes,Yes,Yes,Facebook;YouTube,5-7 Hours,3,2
2025/07/01 11:59:24 AM GMT+6,20-30,Male,Student,Single,4,3,2,2,3,5,5,1,1,More than 10 times,Yes,Yes,Yes,No,More than  Hours,1,1,1,1,3,1,No,Yes,Yes,No,No,No,No,Yes,Facebook;YouTube,5-7 Hours,1,2
2025/07/01 12:01:04 PM GMT+6,20-30,Male,Student,Single,5,3,3,2,3,5,3,1,2,8-10 times,Yes,Yes,Yes,No,1-3 Hours,2,3,2,5,4,2,No,Yes,No,No,No,No,No,Yes,Facebook;YouTube,3-5 Hours,2,3
2025/07/01 12:08:57 PM GMT+6,20-30,Male,Student,Single,2,1,1,1,1,1,1,1,1,5-7 times,No,Yes,Yes,No,0-1 Hours,2,2,2,2,2,1,No,No,Yes,Yes,No,No,No,Yes,YouTube;LinkedIn;Chrome ,5-7 Hours,1,2
2025/07/01 12:21:35 PM GMT+6,20-30,Male,Student,Single,2,1,1,2,2,2,1,1,1,5-7 times,No,Yes,Yes,No,1-3 Hours,1,2,1,2,2,1,No,No,No,No,No,No,No,No,YouTube;LinkedIn;Chrome ,5-7 Hours,1,2
2025/07/01 12:26:20 PM GMT+6,20-30,Male,Student,Single,3,3,3,3,3,3,3,3,2,5-7 times,No,Yes,Yes,Yes,1-3 Hours,3,3,3,3,3,3,Yes,Yes,No,Yes,Yes,Yes,Yes,Yes,Facebook,5-7 Hours,4,4
2025/07/01 12:43:31 PM GMT+6,20-30,Male,Student,Single,4,4,3,4,4,5,5,1,1,More than 10 times,Yes,Yes,Yes,Yes,1-3 Hours,3,3,4,3,4,2,Yes,Yes,Yes,Yes,Yes,No,Yes,Yes,Facebook;Instagram;YouTube;LinkedIn,5-7 Hours,3,3
2025/07/01 2:36:35 PM GMT+6,20-30,Female,Student,Single,3,3,4,2,4,4,3,2,2,5-7 times,Yes,Yes,Yes,Yes,4-6 Hours,3,3,3,3,3,3,Yes,Yes,Yes,Yes,No,No,Yes,Yes,Facebook;YouTube,5-7 Hours,2,3
2025/07/01 6:01:47 PM GMT+6,20-30,Male,Student,Single,3,2,2,3,5,3,3,1,3,8-10 times,Yes,Yes,Yes,Yes,4-6 Hours,3,4,3,3,2,3,Yes,Yes,No,Yes,Yes,No,Yes,Yes,Facebook;Instagram;YouTube,7-9 Hours,1,3
2025/07/01 6:04:45 PM GMT+6,20-30,Male,Student,Single,3,2,2,3,4,5,4,2,3,8-10 times,Yes,Yes,Yes,Yes,7-9 Hours,3,3,3,3,3,3,Yes,Yes,Yes,Yes,Yes,No,Yes,Yes,Facebook;Instagram;YouTube,7-9 Hours,2,2
2025/07/01 7:21:48 PM GMT+6,20-30,Male,Student,Single,5,5,5,4,4,5,5,5,3,More than 10 times,Yes,Yes,Yes,No,4-6 Hours,5,4,5,5,5,5,Yes,No,No,Yes,No,No,Yes,Yes,Instagram,3-5 Hours,3,5
2025/07/01 7:52:06 PM GMT+6,30-40,Male,Employed,Single,3,3,5,1,3,4,3,1,2,More than 10 times,Yes,Yes,Yes,No,4-6 Hours,1,1,3,1,4,1,No,Yes,Yes,Yes,No,No,Yes,Yes,Facebook;Instagram;YouTube;LinkedIn,5-7 Hours,1,5
2025/07/01 7:54:26 PM GMT+6,20-30,Female,Student,Single,2,1,1,1,2,2,4,1,1,More than 10 times,Yes,Yes,Yes,No,1-3 Hours,1,3,2,2,1,1,No,Yes,Yes,Yes,No,No,Yes,Yes,Facebook,3-5 Hours,1,2
2025/07/01 8:40:47 PM GMT+6,20-30,Female,Student,Single,3,2,1,3,1,2,4,1,1,5-7 times,Yes,Yes,Yes,No,4-6 Hours,3,3,3,3,1,3,Yes,Yes,Yes,Yes,No,No,Yes,No,Facebook;Instagram;YouTube,5-7 Hours,1,3
2025/07/01 8:42:46 PM GMT+6,20-30,Male,Student,In Relationship,4,3,1,2,3,5,3,1,1,8-10 times,Yes,Yes,Yes,Yes,1-3 Hours,2,3,3,5,3,2,No,Yes,No,Yes,No,No,Yes,Yes,Facebook;Instagram;YouTube,5-7 Hours,3,4
2025/07/01 8:44:31 PM GMT+6,20-30,Female,Student,Single,4,1,1,1,2,1,4,1,2,More than 10 times,Yes,Yes,Yes,No,1-3 Hours,5,4,5,2,1,4,Yes,No,Yes,Yes,Yes,No,Yes,Yes,Facebook,5-7 Hours,1,5
2025/07/01 8:53:43 PM GMT+6,20-30,Male,Student,Single,5,2,3,2,3,3,3,3,3,5-7 times,Yes,Yes,Yes,No,4-6 Hours,3,3,3,3,4,3,Yes,Yes,No,Yes,No,No,No,Yes,Facebook;Instagram;YouTube;LinkedIn,3-5 Hours,4,3
2025/07/01 8:54:04 PM GMT+6,20-30,Male,Student,Single,3,2,2,2,3,5,4,1,1,More than 10 times,Yes,Yes,Yes,No,4-6 Hours,2,3,2,4,2,2,No,Yes,Yes,No,No,No,Yes,Yes,Facebook;YouTube,5-7 Hours,2,4
2025/07/01 8:54:21 PM GMT+6,40-60,Male,Employed,Married,3,4,2,2,4,5,4,1,1,8-10 times,Yes,Yes,Yes,Yes,1-3 Hours,3,3,3,4,4,4,No,Yes,Yes,Yes,No,No,Yes,Yes,Facebook;YouTube,7-9 Hours,3,3
2025/07/01 8:54:27 PM GMT+6,20-30,Female,Student,Married,5,5,1,2,2,5,5,5,1,More than 10 times,Yes,Yes,Yes,No,More than  Hours,5,4,5,4,4,1,Yes,Yes,No,Yes,Yes,No,No,Yes,Facebook;Instagram;YouTube,7-9 Hours,1,3
2025/07/01 8:55:23 PM GMT+6,20-30,Male,Student,Single,4,1,1,1,1,1,1,1,1,More than 10 times,Yes,No,Yes,No,7-9 Hours,1,1,1,1,1,1,No,Yes,No,Yes,No,No,Yes,No,Facebook,7-9 Hours,1,1
2025/07/01 9:17:14 PM GMT+6,20-30,Male,Student,Single,4,3,3,2,2,3,4,2,5,1-4 times,Yes,Yes,Yes,Yes,1-3 Hours,2,4,4,2,2,3,Yes,No,No,Yes,Yes,No,Yes,Yes,Facebook;Instagram;YouTube,5-7 Hours,2,1
2025/07/01 9:23:32 PM GMT+6,20-30,Male,Student,In Relationship,5,5,5,1,5,5,5,1,5,More than 10 times,Yes,Yes,Yes,No,More than  Hours,5,5,5,5,5,1,Yes,Yes,No,No,Yes,No,Yes,Yes,Facebook;Instagram;YouTube,5-7 Hours,4,4
2025/07/01 9:35:44 PM GMT+6,20-30,Female,Self-employed,Single,5,2,2,1,3,4,2,2,1,5-7 times,No,Yes,Yes,No,4-6 Hours,5,5,5,5,5,1,Yes,Yes,No,Yes,Yes,Yes,No,No,YouTube;What's up ,1-3 Hours,1,2
2025/07/01 9:38:56 PM GMT+6,20-30,Female,Student,Single,4,3,2,5,3,2,4,1,2,More than 10 times,Yes,Yes,Yes,No,7-9 Hours,4,2,2,4,5,3,Yes,Yes,No,Yes,No,No,Yes,Yes,Facebook;Instagram,3-5 Hours,2,2
2025/07/01 9:57:22 PM GMT+6,20-30,Female,Student,Single,5,5,5,5,5,5,5,5,5,More than 10 times,Yes,Yes,Yes,No,More than  Hours,5,5,5,5,5,5,Yes,No,No,Yes,Yes,No,Yes,Yes,Facebook,5-7 Hours,5,5
2025/07/01 10:02:44 PM GMT+6,20-30,Male,Student,Single,2,2,1,3,2,3,2,1,1,1-4 times,Yes,Yes,No,No,0-1 Hours,3,2,3,3,3,1,Yes,Yes,Yes,Yes,No,No,No,No,YouTube,5-7 Hours,1,5
2025/07/01 10:10:24 PM GMT+6,20-30,Female,Student,Single,5,5,5,3,5,5,5,1,3,More than 10 times,Yes,Yes,Yes,Yes,7-9 Hours,3,2,2,3,4,2,Yes,Yes,No,Yes,No,Yes,Yes,Yes,Facebook,3-5 Hours,2,4
2025/07/01 11:00:29 PM GMT+6,20-30,Male,Student,Single,3,2,2,2,3,2,1,1,2,More than 10 times,No,Yes,Yes,No,1-3 Hours,1,1,1,3,2,2,No,No,No,Yes,No,No,No,No,Facebook;YouTube,5-7 Hours,3,3
2025/07/01 11:08:52 PM GMT+6,20-30,Female,Student,Complicated,3,1,1,2,2,3,2,1,1,1-4 times,Yes,Yes,No,No,1-3 Hours,3,3,2,2,1,1,No,Yes,Yes,No,Yes,No,No,Yes,YouTube;WhatsApp ,5-7 Hours,1,3
2025/07/02 2:36:35 AM GMT+6,30-40,Female,Self-employed,Married,1,3,2,5,1,2,4,1,3,More than 10 times,Yes,No,Yes,No,7-9 Hours,4,4,1,1,5,2,Yes,Yes,Yes,No,No,No,Yes,,Facebook;YouTube,5-7 Hours,1,2
2025/07/02 7:06:27 AM GMT+6,20-30,Male,Student,Single,3,2,1,1,4,5,4,1,1,1-4 times,Yes,Yes,Yes,Yes,1-3 Hours,5,2,4,1,1,2,No,Yes,Yes,Yes,No,No,No,Yes,YouTube,5-7 Hours,2,2
2025/07/02 12:47:42 PM GMT+6,20-30,Female,Student,Married,4,4,2,2,2,3,4,2,1,More than 10 times,Yes,Yes,Yes,No,4-6 Hours,3,5,3,3,5,3,Yes,Yes,No,Yes,Yes,No,No,Yes,Facebook;YouTube;Whatsapp messenger telegram ,3-5 Hours,3,5
2025/07/02 6:27:42 PM GMT+6,20-30,Male,Student,Single,5,4,2,2,1,3,5,1,1,5-7 times,No,No,Yes,No,1-3 Hours,1,1,1,1,1,1,Yes,Yes,Yes,Yes,No,No,No,Yes,YouTube,5-7 Hours,1,2
2025/07/02 8:41:39 PM GMT+6,20-30,Male,Student,Single,5,3,4,1,5,5,5,1,1,More than 10 times,Yes,Yes,Yes,No,4-6 Hours,3,5,2,5,5,1,Yes,Yes,No,Yes,No,No,Yes,Yes,Facebook;YouTube,3-5 Hours,3,5
2025/07/02 10:09:56 PM GMT+6,30-40,Male,Employed,Married,3,2,1,1,1,1,4,1,2,5-7 times,Yes,No,Yes,Yes,0-1 Hours,1,2,1,2,1,1,No,No,Yes,No,No,No,Yes,No,Facebook;YouTube,5-7 Hours,2,1
2025/07/02 10:41:05 PM GMT+6,20-30,Male,Self-employed,Married,3,3,3,3,3,3,3,3,3,More than 10 times,Yes,Yes,No,No,7-9 Hours,3,3,3,3,3,3,No,No,No,No,No,No,Yes,Yes,Facebook;YouTube,5-7 Hours,3,3
2025/07/03 9:42:50 AM GMT+6,20-30,Male,Student,Single,2,2,2,1,2,2,2,1,1,1-4 times,Yes,Yes,Yes,Yes,1-3 Hours,3,2,3,3,3,2,Yes,Yes,Yes,No,No,No,No,Yes,Facebook;YouTube,5-7 Hours,3,3
2025/07/03 4:58:44 PM GMT+6,20-30,Female,Student,Single,2,1,1,1,1,1,1,1,2,1-4 times,Yes,No,Yes,No,1-3 Hours,2,2,2,1,1,1,Yes,No,No,Yes,Yes,No,No,No,Facebook,5-7 Hours,1,2
2025/07/04 12:21:03 PM GMT+6,20-30,Male,Student,Single,2,1,1,1,1,3,1,3,1,1-4 times,No,Yes,No,No,0-1 Hours,5,3,1,3,1,1,No,No,Yes,Yes,No,No,No,Yes,YouTube,5-7 Hours,5,2
2025/07/04 11:58:07 PM GMT+6,20-30,Female,Student,Single,3,2,1,4,2,3,2,1,2,5-7 times,Yes,Yes,Yes,No,1-3 Hours,5,2,5,3,5,4,Yes,No,No,Yes,Yes,No,No,Yes,Facebook;Instagram;YouTube,5-7 Hours,3,3
2025/07/05 1:54:42 AM GMT+6,20-30,Male,Student,Single,5,3,2,5,3,4,4,1,1,More than 10 times,Yes,Yes,Yes,No,1-3 Hours,3,3,2,3,5,1,No,Yes,Yes,Yes,No,No,Yes,Yes,Facebook;YouTube;,3-5 Hours,2,3
2025/07/05 6:45:56 PM GMT+6,20-30,Male,Student,Single,5,5,3,4,5,5,5,1,1,More than 10 times,Yes,Yes,Yes,No,7-9 Hours,4,5,5,5,5,4,Yes,Yes,No,Yes,No,No,No,Yes,Facebook;YouTube,5-7 Hours,2,5
